announcement_id,security_code,security_name,publish_date,record_date,ex_date,payment_date,cash_per_share,title,source_file,source_sha256,status
1223542768,002632,道明光学,2025-05-15,2025-05-21,2025-05-22,2025-05-22,0.13,2024年年度权益分派实施公告,pdf/1223542768.pdf,13550e3fb7bc88fa79a57182729811fd9569755b0c91f6aaff66dce5042de4ad,COMPLETE
1223542772,000099,中信海直,2025-05-15,2025-05-20,2025-05-21,2025-05-21,0.125,2024年年度权益分派实施公告,pdf/1223542772.pdf,3a8ccb4fbd2e5d87a538dbc76e9e6a34a309a0524e23d65d7698c9196d59c9fb,COMPLETE
1223542795,603919,金徽酒,2025-05-15,2025-05-21,2025-05-22,2025-05-22,0.5,金徽酒股份有限公司2024年年度权益分派实施公告,pdf/1223542795.pdf,464821be972969772da3ae6574292b53c416e7ed7d7b83e2f14bc666868f6935,COMPLETE
1223542922,600063,皖维高新,2025-05-15,2025-05-20,2025-05-21,2025-05-21,0.06,皖维高新2024年年度权益分派实施公告,pdf/1223542922.pdf,da15c590a76a0ebcdc9cfed093db890e339d8826e1ed709321dc7aa5d5975054,COMPLETE
1223543007,600138,中青旅,2025-05-15,2025-05-21,2025-05-22,2025-05-22,0.07,中青旅2024年年度权益分派实施公告,pdf/1223543007.pdf,f72bf9fd2e8feca7db2deae8e0b31a3d8cac6dc2cc6b2b26aa67955e642f9528,COMPLETE
1223543040,300654,世纪天鸿,2025-05-15,2025-05-21,2025-05-22,2025-05-22,0.0495,2024年度权益分派实施公告,pdf/1223543040.pdf,b70ea1ef849c5dae1fa45f841307b8c6606146585a57b59a6debf2875329fba8,COMPLETE
1223543042,300500,启迪设计,2025-05-15,2025-05-22,2025-05-23,2025-05-23,0.15,2024年年度权益分派实施公告,pdf/1223543042.pdf,d316dc0ee16d877edfae60c68dfc16d169d4b0b9a177e8108971c5abd3e240a1,COMPLETE
1223543075,300936,中英科技,2025-05-15,2025-05-22,2025-05-23,2025-05-23,0.1,2024年度权益分派实施公告,pdf/1223543075.pdf,538fa1c45aeae0b7c1702ace6a232cc693ae8de4e9ee2d818b073ada51e654c8,COMPLETE
1223543144,605098,行动教育,2025-05-15,2025-05-20,2025-05-21,2025-05-21,0.75,2024年年度权益分派实施公告,pdf/1223543144.pdf,424a2a348f50a79ddfc6d1953b7ee8a6cc876fb7686af3eb3ce141b3dd7bacf3,COMPLETE
1223543249,603259,药明康德,2025-05-15,2025-05-20,2025-05-21,2025-05-21,1.33169,2024年度及2025年回报股东特别分红A股权益分派实施公告,pdf/1223543249.pdf,903021b449b18291b6b4604495141085c7fc98336161ed556b73d0a22b6dd895,COMPLETE
1223543259,603976,正川股份,2025-05-15,2025-05-20,2025-05-21,2025-05-21,0.246,2024年年度权益分派实施公告,pdf/1223543259.pdf,32e87429cbf5cbb2fa0f74274a96b844ca5e5081b7d226f71aa7780d6ce308b1,COMPLETE
1223543309,003020,立方制药,2025-05-15,2025-05-21,2025-05-22,2025-05-22,0.3,2024年度权益分派实施公告,pdf/1223543309.pdf,a418d0abfd52d575c180af45ac4188838b7520765c04e446812ed7fd51ec5103,COMPLETE
1223543498,002008,大族激光,2025-05-15,2025-05-20,2025-05-21,2025-05-21,0.35,2024年度权益分派实施公告,pdf/1223543498.pdf,21b504a0cee897568cf38f8fd50ab1b85fc9c18c365de507ad0eb487637c71c5,COMPLETE
1223543520,003012,东鹏控股,2025-05-15,2025-05-22,2025-05-23,2025-05-23,0.25,2024年年度权益分派实施公告,pdf/1223543520.pdf,c4326ea40eb4618ae61e0039e020a40f6210d4686f2bae958265860f8270e567,COMPLETE
1223543534,000795,英洛华,2025-05-15,2025-05-21,2025-05-22,2025-05-22,0.124,2024年年度权益分派实施公告,pdf/1223543534.pdf,7fc30a543129055a1de94e039432d2990f9f2b42bfa742089e2b8eb37f0af097,COMPLETE
1223543536,001322,箭牌家居,2025-05-15,2025-05-21,2025-05-22,2025-05-22,0.1323715,2024年年度权益分派实施公告,pdf/1223543536.pdf,b9d4f56791928d75e203c5c21b9e4104a7758a020df45ac014b9eca57179440a,COMPLETE
1223543543,002533,金杯电工,2025-05-15,2025-05-21,2025-05-22,2025-05-22,0.25,2024年度权益分派实施公告,pdf/1223543543.pdf,22c8bff1d69d3ae9778ff48d6f6690b585f48c73c4abc71b974be8bbee3cee53,COMPLETE
1223543600,688230,芯导科技,2025-05-15,2025-05-21,2025-05-22,2025-05-22,0.8,2024年年度权益分派实施公告,pdf/1223543600.pdf,52ab1b3d5d5c8692a9f39cd583de97e5bede5f4e1b4596b014fd0e4ae7de6f89,COMPLETE
1223543639,002254,泰和新材,2025-05-15,2025-05-21,2025-05-22,2025-05-22,0.05,2024年年度权益分派实施公告,pdf/1223543639.pdf,0b04fb76b3c142daa503879f70ad4654df787c1e4221dbe2673cf87c8a43a5ea,COMPLETE
1223543925,002390,信邦制药,2025-05-15,2025-05-20,2025-05-21,2025-05-21,0.03,2024年年度权益分派实施公告,pdf/1223543925.pdf,8d7ed51c069ad53d8bd7e49a8d6125c47cdd24300908f05763a685bd98e524e4,COMPLETE
1223543985,002532,天山铝业,2025-05-15,2025-05-21,2025-05-22,2025-05-22,0.1982517,2024年年度权益分派实施公告,pdf/1223543985.pdf,f07415af0ed290b8b02628b48038f732c0a904de2e0e5ab497631737a3ff5eed,COMPLETE
1223543993,002597,金禾实业,2025-05-15,2025-05-21,2025-05-22,2025-05-22,0.8300000000000001,2024年年度权益分派实施公告,pdf/1223543993.pdf,9254106ce17b284295a857647df2c4425157aadd38de36af9b51007433ba6e58,COMPLETE
1223544267,600834,申通地铁,2025-05-15,2025-05-21,2025-05-22,2025-05-22,0.019,申通地铁2024年年度权益分派实施公告,pdf/1223544267.pdf,a078366b89dcf7276a983582d747739edd637c145fc99b2e93edbb6a4aeb2024,COMPLETE
1223544408,300634,彩讯股份,2025-05-15,2025-05-21,2025-05-22,2025-05-22,0.125,2024年年度权益分派实施公告,pdf/1223544408.pdf,49e85c94a35fcf688d7d0bedda4630968be74c78b2d92130c39f9c1e37df0e5f,COMPLETE
1223544412,300844,山水比德,2025-05-15,2025-05-20,2025-05-21,,,2024年年度权益分派实施公告,pdf/1223544412.pdf,08393c298a556fc8067775ba9f87dd5570d46334d1305d79b9d71777df95fe6e,NO_CASH_DIVIDEND
1223544455,300910,瑞丰新材,2025-05-15,2025-05-21,2025-05-22,2025-05-22,1.2,2024年度权益分派实施公告,pdf/1223544455.pdf,c92a29469c7ed60337507b326fc16cefb534ac3712f7b8768890810c7c402794,COMPLETE
1223544459,300823,建科智能,2025-05-15,2025-05-21,2025-05-22,2025-05-22,0.32599999999999996,2024年年度权益分派实施公告,pdf/1223544459.pdf,d00634786141f8d9cc6857bd7166a73f6dc80f772512b33992c504ac2de6e6ad,COMPLETE
1223544622,002353,杰瑞股份,2025-05-15,2025-05-22,2025-05-23,2025-05-23,0.6900000000000001,2024年年度权益分派实施公告,pdf/1223544622.pdf,2c7ca73d0810e66aea13e41db984a7c0399d664dc2937ee4b086d9f822d3d208,COMPLETE
1223544876,300777,中简科技,2025-05-15,2025-05-20,2025-05-21,2025-05-21,0.22068910000000003,2024年年度权益分派实施公告,pdf/1223544876.pdf,3e5173689f417bd0a7dc5624739a0804dc3bbf4648c416017077983e8ad9a877,COMPLETE
1223544887,002050,三花智控,2025-05-15,2025-05-21,2025-05-22,2025-05-22,0.25,2024年度权益分派实施公告,pdf/1223544887.pdf,d04657e3f9f9b8b64d4e4237fb3ea1f1cc8ee7953dea9920fdfee299bae71346,COMPLETE
1223545084,301166,优宁维,2025-05-15,2025-05-21,2025-05-22,2025-05-22,0.22999999999999998,2024年度权益分派实施公告,pdf/1223545084.pdf,6b5f4b59dea81f47364546fc578ea71aca24a865e46659cc4647ed941679b1c0,COMPLETE
1223545117,002709,天赐材料,2025-05-15,2025-05-21,2025-05-22,2025-05-22,0.1,2024年度权益分派实施公告,pdf/1223545117.pdf,70b770fc4e1ba56e2fe9b3c937b0575dd29866266c84159e2d4f531dbe24a4af,COMPLETE
1223545205,603025,大豪科技,2025-05-15,2025-05-22,2025-05-23,2025-05-23,0.35,北京大豪科技股份有限公司2024年年度权益分派实施公告,pdf/1223545205.pdf,7e54d5fff5d1b29e862f6345cf30d7fabc8c0ff7a55c3b8ab1e99c5b6b17d3a7,COMPLETE
1223545261,300119,瑞普生物,2025-05-15,2025-05-20,2025-05-21,2025-05-21,0.3,2024年度权益分派实施公告,pdf/1223545261.pdf,9aaa02b9f0a0e1481b9bc3188409d730c2a7ebdd50fcb8b227bf3032d2b22838,COMPLETE
1223558315,833509,同惠电子,2025-05-15,,2025-05-23,2025-05-23,0.25,2024年年度权益分派实施公告,pdf/1223558315.pdf,2bf314057da8cc2b70f70a0e213e2614508fc254bd8719f61acd1ef0ae476f9f,INCOMPLETE
1223558321,836892,广咨国际,2025-05-15,,2025-05-23,2025-05-23,0.6,2024年年度权益分派实施公告,pdf/1223558321.pdf,64082f7e0f3c76ad04bfd0c0c698a74c354ea471d8f6cfb21e4adc9f96720fcd,INCOMPLETE
1223558410,873305,九菱科技,2025-05-15,,2025-05-23,2025-05-23,0.15,2024年年度权益分派实施公告,pdf/1223558410.pdf,1db176ca8f1073ca8f81ef229fefa492325be4c792515ea932a21eeca389c383,INCOMPLETE
1223558413,871634,新威凌,2025-05-15,,2025-05-23,2025-05-23,0.1,2024年年度权益分派实施公告,pdf/1223558413.pdf,20d838dfc2fda434b854f9716a2a56af516c4d223c65d9bfe2e43ff7cdf0df6a,INCOMPLETE
1223558485,838670,恒进感应,2025-05-15,,2025-05-22,2025-05-22,0.11000000000000001,2024年年度权益分派实施公告,pdf/1223558485.pdf,ddac72220b08c5e60c063bc8c2b149b07a4f7721ba6b82d3f8152987ac578a15,INCOMPLETE
1223554965,300203,聚光科技,2025-05-15,2025-05-22,2025-05-23,2025-05-23,0.25,2024年年度权益分派实施公告,pdf/1223554965.pdf,ea32389d1513e3e44dfbcf06369f19b960aad740fa08729a8f9f6e6c3a829c6c,COMPLETE
1223555104,300729,乐歌股份,2025-05-15,2025-05-21,2025-05-22,2025-05-22,0.3,2024年年度权益分派实施公告,pdf/1223555104.pdf,da32a0db4b91109dbef5da490755b99841b2ddeb7f970aabc816ddc1ef8bacb9,COMPLETE
1223555676,301148,嘉戎技术,2025-05-15,2025-05-21,2025-05-22,2025-05-22,0.39,2024年年度权益分派实施公告,pdf/1223555676.pdf,5634ab3b3facb4c0a294de5c718f622becbfda9598296e186d9bb20dcdb5b6b2,COMPLETE
1223555766,301536,星宸科技,2025-05-15,2025-05-20,2025-05-21,2025-05-21,0.2,2024年年度权益分派实施公告,pdf/1223555766.pdf,05302afd4b0a6fb8dfdfa80f829fc9130e13655f4584777ddee21137ef9bbc9e,COMPLETE
1223556029,300017,网宿科技,2025-05-15,2025-05-22,2025-05-23,2025-05-23,0.25,2024年年度权益分派实施公告,pdf/1223556029.pdf,afc6a9ec85d69dfa5dd3e3cb00e7e7f98e11a1a8afea3e7b1f940d4d7116987b,COMPLETE
1223557032,300863,卡倍亿,2025-05-15,2025-05-21,2025-05-22,2025-05-22,0.3,2024年度权益分派实施公告,pdf/1223557032.pdf,11077002c6b3a5820f8d86093fb3f75080e580bcd3588bb0e9c4c9118dd23ca0,COMPLETE
1223557085,301622,英思特,2025-05-15,2025-05-22,2025-05-23,2025-05-23,0.12,2024年年度权益分派实施公告,pdf/1223557085.pdf,89e43904d87c58f0f567dca12bcb64e523f0ff1a5f3b3ce88544fe352b9103ac,COMPLETE
1223557345,300975,商络电子,2025-05-15,2025-05-21,2025-05-22,2025-05-22,0.012,2024年年度权益分派实施公告,pdf/1223557345.pdf,feaa283bd6c6bf9a8622ae579fb96d38076f4a19c94c9ec654163d159d3d1b9b,COMPLETE
1223558211,300761,立华股份,2025-05-15,2025-05-21,2025-05-22,2025-05-22,0.5,2024年年度权益分派实施公告,pdf/1223558211.pdf,f29ae43ca4747012764c91783ecd99b8da75f7756c798caa4146501f2d91a055,COMPLETE
1223554473,002803,吉宏股份,2025-05-16,2025-05-21,2025-05-22,2025-05-22,0.158,2024年年度权益分派实施公告,pdf/1223554473.pdf,41d661b950de4bcf570a9e31b7655b5e2e09fef084d724b5cd78c7720792484c,COMPLETE
1223554585,301393,昊帆生物,2025-05-16,2025-05-21,2025-05-22,2025-05-22,0.265,2024年年度权益分派实施公告,pdf/1223554585.pdf,891f31e2bb5a94354841d7c132211ff11509546a3848788de1fd277dedf7755a,COMPLETE
1223554587,002457,青龙管业,2025-05-16,2025-05-22,2025-05-23,2025-05-23,0.12,2024年年度权益分派实施公告,pdf/1223554587.pdf,b9438746309f4e8916eaa745554afba824a06a3e7697ede04dbf59e6f8ab0ad0,COMPLETE
1223554605,002566,益盛药业,2025-05-16,2025-05-21,2025-05-22,2025-05-22,0.1,2024年年度权益分派实施公告,pdf/1223554605.pdf,3a8fd0dc38be7630745f8234b9c435481500617bf647d9ea49f40b81a9af2520,COMPLETE
1223554627,002299,圣农发展,2025-05-16,2025-05-22,2025-05-23,2025-05-23,0.2,2024年年度权益分派实施公告,pdf/1223554627.pdf,466fda86fdbc25b0238a18cca27c0a59876cd9cb9076038a02e204c24b1f761a,COMPLETE
1223554818,600702,舍得酒业,2025-05-16,2025-05-22,2025-05-23,2025-05-23,0.43,舍得酒业2024年年度权益分派实施公告,pdf/1223554818.pdf,b8cc3af25ec42e106cb410d5b20c4f25591216ad013e4833b71aa125121e2850,COMPLETE
1223554837,600971,恒源煤电,2025-05-16,2025-05-22,2025-05-23,2025-05-23,0.27,恒源煤电2024年年度权益分派实施公告,pdf/1223554837.pdf,da0ff6bd4ab210b9624a19ae57ba5e650b8135bc7807a1d5bb7a06c44e4ff04e,COMPLETE
1223554855,603057,紫燕食品,2025-05-16,2025-05-21,2025-05-22,2025-05-22,0.52,紫燕食品2024年年度权益分派实施公告,pdf/1223554855.pdf,b7c9c2ea6879745f7104484976e7c6989584bf19bde17a0d1d2b4b3391589976,COMPLETE
1223554861,603214,爱婴室,2025-05-16,2025-05-22,2025-05-23,2025-05-23,0.253,2024年年度权益分派实施公告,pdf/1223554861.pdf,ebd5470165030df053cc7b1cd589080755c8125e426ab45f1f8e9f1ea9654912,COMPLETE
1223554872,603897,长城科技,2025-05-16,2025-05-22,2025-05-23,2025-05-23,1.5,长城科技2024年年度权益分派实施公告,pdf/1223554872.pdf,c251f039911dc3bb0441b06b652cc2fa0496d2a58589751dc780a90e1509f84d,COMPLETE
1223554899,688570,天玛智控,2025-05-16,2025-05-23,2025-05-26,2025-05-26,0.33,天玛智控2024年年度权益分派实施公告,pdf/1223554899.pdf,7ba258aee7de0dc12e6849a7ce4b9cfcbd63b6a0a1bb42a67fb17072be8dfcb5,COMPLETE
1223554901,688585,上纬新材,2025-05-16,2025-05-22,2025-05-23,2025-05-23,0.031,上纬新材2024年年度权益分派实施公告,pdf/1223554901.pdf,90ff20d5ef17b141d68153adb9d154a5b68ef51eadcb68b48ad6a61fb939e512,COMPLETE
1223554909,688676,金盘科技,2025-05-16,2025-05-22,2025-05-23,2025-05-23,0.506,2024年年度权益分派实施公告,pdf/1223554909.pdf,5e1170dd3b6bd8f6750f8f204e10bdfef7e7b713012d52c3a499477b7af61038,COMPLETE
1223555055,600284,浦东建设,2025-05-16,2025-05-22,2025-05-23,2025-05-23,0.1,浦东建设2024年年度权益分派实施公告,pdf/1223555055.pdf,742e78d64e97029939bd05b57d3fbbc3b29433beb3866935c5bfd8432b880c09,COMPLETE
1223555086,688668,鼎通科技,2025-05-16,2025-05-22,2025-05-23,2025-05-23,0.5,2024年年度权益分派实施公告,pdf/1223555086.pdf,de98b01d93f9ce15a3b548c43fa41bbcfcf3d90e02816c450b42ec33a2e4a752,COMPLETE
1223555097,300232,洲明科技,2025-05-16,2025-05-21,2025-05-22,2025-05-22,0.24,2024年年度权益分派实施公告,pdf/1223555097.pdf,eddb0bc0cba70f0f80769d02550bf0985092f656fa0101498aa267235486cde6,COMPLETE
1223555101,002033,丽江股份,2025-05-16,2025-05-22,2025-05-23,2025-05-23,0.35,2024年度权益分派实施公告,pdf/1223555101.pdf,d5ef9e12af7880555dbd758e8fd4649e99976f50b59cfc001bd04824e162eca2,COMPLETE
1223555381,300320,海达股份,2025-05-16,2025-05-22,2025-05-23,2025-05-23,0.02,2024年年度权益分派实施公告,pdf/1223555381.pdf,21ecb8ca9a9c7fa1a2055deef9249210dad35acd11bc8a3ea579aa5556c8b41c,COMPLETE
1223555529,600995,南网储能,2025-05-16,2025-05-21,2025-05-22,2025-05-22,0.06655,南方电网储能股份有限公司2024年年度权益分派实施公告,pdf/1223555529.pdf,b6d6b148e65b4bcc4d6e2149400de416c259040164a5ed0d30c9c8e91ed7f431,COMPLETE
1223555536,603093,南华期货,2025-05-16,2025-05-22,2025-05-23,2025-05-23,0.076,南华期货股份有限公司2024年年度权益分派实施公告,pdf/1223555536.pdf,ada2e1dce0062c3f4380e53948ef3861c303b0b03b3e90437f8bea4d0120ab5b,COMPLETE
1223555742,002206,海 利 得,2025-05-16,2025-05-22,2025-05-23,2025-05-23,0.18,2024年度权益分派实施公告,pdf/1223555742.pdf,9b17953647272b478e18996f087487de5f5724460fceb8946b4c42e04032d1c5,COMPLETE
1223555817,301598,博科测试,2025-05-16,2025-05-21,2025-05-22,2025-05-22,1.3,2024年年度权益分派实施公告,pdf/1223555817.pdf,7cb8fb6070debfe7febc914c0c75e924e40926dd8d3a98f70586274f9474d857,COMPLETE
1223555822,301396,宏景科技,2025-05-16,2025-05-22,2025-05-23,2025-05-23,0.05,2024年度权益分派实施公告,pdf/1223555822.pdf,cd86a0083ba9696a3b0b69331d530a5c0637169da191bc065315dcb51b2e0a64,COMPLETE
1223556013,301608,博实结,2025-05-16,2025-05-22,2025-05-23,2025-05-23,0.33712,2024年年度权益分派实施公告,pdf/1223556013.pdf,2cd54cefe9f87cf3caa7ff0146b297c7d79937de82eeb64f4af2717b561a0675,COMPLETE
1223556021,002963,豪尔赛,2025-05-16,2025-05-21,2025-05-22,2025-05-22,0.2,2024年年度权益分派实施公告,pdf/1223556021.pdf,0ba294e18cf0a427b8f10061462eef2570c1073868146cf34fac995c91737d9f,COMPLETE
1223556031,301550,斯菱股份,2025-05-16,2025-05-22,2025-05-23,2025-05-23,0.4,2024年年度权益分派实施公告,pdf/1223556031.pdf,d49d02add2d6b22d01d7801c670ce5d5bfbb18e0ddbf4ef7ba7ee57b9077cec2,COMPLETE
1223556181,002012,凯恩股份,2025-05-16,2025-05-23,2025-05-26,2025-05-26,0.004,2024年年度权益分派实施公告,pdf/1223556181.pdf,77640e84b160f836647b955cb0ff42f37586c32298e35a4d74ec7dbec2e379c8,COMPLETE
1223556382,002419,天虹股份,2025-05-16,2025-05-22,2025-05-23,2025-05-23,0.06,2024年度权益分派实施公告,pdf/1223556382.pdf,8eb7616a64efdeb8e34850bda41199670042594c0a250e13323bd7425582ffff,COMPLETE
1223556579,601126,四方股份,2025-05-16,2025-05-21,2025-05-22,2025-05-22,0.72,四方股份2024年年度权益分派实施公告,pdf/1223556579.pdf,f32c343a730d51aa849980f956409615b28f7c88ee76874a903da3d624d8c1a2,COMPLETE
1223556776,600096,云天化,2025-05-16,2025-05-21,2025-05-22,2025-05-22,1.4,云天化2024年年度权益分派实施公告,pdf/1223556776.pdf,648bb852e3edba625131fffa22a6898ae554da0894aa0d7a099f3d9c153cecf3,COMPLETE
1223556787,601019,山东出版,2025-05-16,2025-05-21,2025-05-22,2025-05-22,0.31,山东出版2024年年度权益分派实施公告,pdf/1223556787.pdf,4c8fff90509158ba398b27b4af361ff1e2eef7f44c6332e3dbb2d5ccdc1560d5,COMPLETE
1223556802,603125,常青科技,2025-05-16,2025-05-21,2025-05-22,2025-05-22,0.15,常青科技2024年年度权益分派实施公告,pdf/1223556802.pdf,5645a10debf47bfa8128dc7f26cace4f73b07a289aafa09bff76eeb80ac4760a,COMPLETE
1223556809,603444,吉比特,2025-05-16,2025-05-23,2025-05-26,2025-05-26,3.5,厦门吉比特网络技术股份有限公司2024年年度权益分派实施公告,pdf/1223556809.pdf,7b308bb6463f6e87a94445b83abd7c47545f4714a4cb6251765d4dd803e79e89,COMPLETE
1223557133,301095,广立微,2025-05-16,2025-05-22,2025-05-23,2025-05-23,0.25,2024年年度权益分派实施公告,pdf/1223557133.pdf,778bd5a8a168966f39c6e36bbfd384723f6aeedc3a56d5e80732ac3370a42aed,COMPLETE
1223557136,600183,生益科技,2025-05-16,2025-05-22,2025-05-23,2025-05-23,0.6,生益科技2024年年度权益分派实施公告,pdf/1223557136.pdf,1c9b77fa8325f4a87466bdc00c806987e27641d652ce377b9f944be4344756d2,COMPLETE
1223557227,300306,远方信息,2025-05-16,2025-05-22,2025-05-23,2025-05-23,0.32,2024年度权益分派实施公告,pdf/1223557227.pdf,d45a455f5cadaea5343103bc81c1e8ce8d47cf2249a6915ce60d90eeced1b071,COMPLETE
1223557296,301128,强瑞技术,2025-05-16,2025-05-22,2025-05-23,2025-05-23,0.6,2024年度权益分派实施公告,pdf/1223557296.pdf,5ccf50c2192e7a54e07b4920794639c08dbb8fec7aca06b9c538fd569cce5a18,COMPLETE
1223557391,605128,上海沿浦,2025-05-16,2025-05-21,2025-05-22,2025-05-22,0.388,上海沿浦金属制品股份有限公司2024年年度权益分派实施公告,pdf/1223557391.pdf,b694254396c69c1c1094328cd1d68b5d301c718f5f7eee7b2340eb597d7794fa,COMPLETE
1223557437,300037,新宙邦,2025-05-16,2025-05-22,2025-05-23,2025-05-23,0.4,2024年年度权益分派实施公告,pdf/1223557437.pdf,8f87d55acba149cb82f4cc4c401cbd0ef3d969036e129351892e1b1cd3eb8ed9,COMPLETE
1223557460,301591,肯特股份,2025-05-16,2025-05-22,2025-05-23,2025-05-23,0.32,2024年年度权益分派实施公告,pdf/1223557460.pdf,f0b7da8525cac8491145b4ba350c8dcfc085138ff8ab54d9ac747e2fa0da212d,COMPLETE
1223557516,001225,和泰机电,2025-05-16,2025-05-21,2025-05-22,2025-05-22,1.222,2024年年度权益分派实施公告,pdf/1223557516.pdf,5e95fa1ac05ef4e31991ba45e02cf1e308f5a643153efd7bbf52c2f97888a39a,COMPLETE
1223557519,002367,康力电梯,2025-05-16,2025-05-22,2025-05-23,2025-05-23,0.3,2024年年度权益分派实施公告,pdf/1223557519.pdf,1d7c7084c9f84da89af3a46bfc0de1913fa09b3fed229660c23459f120238199,COMPLETE
1223557666,300950,德固特,2025-05-16,2025-05-22,2025-05-23,2025-05-23,0.2,德固特2024年年度权益分派实施公告,pdf/1223557666.pdf,3734615042ca716e044191b0b65c0384862eea9b3eda2fcefb1976aeedc0d74a,COMPLETE
1223571625,832225,利通科技,2025-05-16,,2025-05-28,2025-05-28,0.2,2024年年度权益分派实施公告,pdf/1223571625.pdf,9982dedef4d0f4fc6caab9d94a42f4a0739a84011bda006e48fc260bbb12f11a,INCOMPLETE
1223571717,832662,方盛股份,2025-05-16,,2025-05-23,2025-05-23,0.172,2024年年度权益分派实施公告,pdf/1223571717.pdf,0f2b08c81d3019973adbb52358f5f0c4267acc7c66d56ef92077b29b274ec617,INCOMPLETE
1223567369,300850,新强联,2025-05-16,2025-05-22,2025-05-23,2025-05-23,0.092,2024年年度权益分派实施公告,pdf/1223567369.pdf,ea48812c83eaaa862637a51389925e855d5d16e4b73996f20b556536c9f8d8b2,COMPLETE
1223567372,301317,鑫磊股份,2025-05-16,2025-05-22,2025-05-23,2025-05-23,0.3,关于2024年年度权益分派实施公告,pdf/1223567372.pdf,7847b6f5d3f3a1326cb9b36f4b0109e4c53913efc5a7e0835463e315d063aa1a,COMPLETE
1223568096,300860,锋尚文化,2025-05-16,2025-05-22,2025-05-23,2025-05-23,0.21000000000000002,2024年年度权益分派实施公告,pdf/1223568096.pdf,f4effa26fac4096e0b2600871ad8c6f7300846d0d5eb1d104cb791cc60113e34,COMPLETE
1223567317,300105,龙源技术,2025-05-16,2025-05-22,2025-05-23,2025-05-23,0.1,2024年年度权益分派实施公告,pdf/1223567317.pdf,f7756c29daa5796aade2e792120ef4160ab5b76de23ed423c7b90314a1c1c453,COMPLETE
1223567468,300009,安科生物,2025-05-16,2025-05-22,2025-05-23,2025-05-23,0.15,2024年年度权益分派实施公告,pdf/1223567468.pdf,5288bd76c633e9d5bf8bfdbcebaf9b679d2498c51b04f847e53ac7498fc89589,COMPLETE
1223569200,301589,诺瓦星云,2025-05-16,2025-05-22,2025-05-23,2025-05-23,0.65,2024年度权益分派实施公告,pdf/1223569200.pdf,c2eb81caf83c4e73ece711f079b546fefce4e771ac6f518c393191e1c0ae95ce,COMPLETE
1223571697,300986,志特新材,2025-05-16,2025-05-22,2025-05-23,2025-05-23,0.1,2024年年度权益分派实施公告,pdf/1223571697.pdf,daa5b01774177665ca7bd4744bc325db769139afd77caf8bab9615dd05f9ca99,COMPLETE
1223571707,300181,佐力药业,2025-05-16,2025-05-23,2025-05-26,2025-05-26,0.6,2024年年度权益分派实施公告,pdf/1223571707.pdf,0b60b726aea6d658def1e79c84eaef4c03a9c211906d28f188c4f2d34463089d,COMPLETE
1223572186,300354,东华测试,2025-05-16,2025-05-22,2025-05-23,2025-05-23,0.177,2024年年度权益分派实施公告,pdf/1223572186.pdf,c549e3d78a22a82cdc115a2611a864467e5486ab8a8f9f5d742b918a0b3c417f,COMPLETE
1223572275,301229,纽泰格,2025-05-16,2025-05-23,2025-05-26,2025-05-26,0.178,2024年年度权益分派实施公告,pdf/1223572275.pdf,979c67eb009eb76473ec1e1cca69ded1c742cdf3989482cd350ea7b23e94eb7a,COMPLETE
1223572389,301319,唯特偶,2025-05-16,2025-05-21,2025-05-22,2025-05-22,0.8,2024年年度权益分派实施公告,pdf/1223572389.pdf,c18acd81f7dabaa30cf1c7f0d1e6921f53e83945881fd33cc6544f04bb17f857,COMPLETE
1223567246,603577,汇金通,2025-05-17,2025-05-22,2025-05-23,2025-05-23,0.0868,汇金通2024年年度权益分派实施公告,pdf/1223567246.pdf,6c82cbfc5344b4f7c7729cafd17096e524cce56ec268bb3f12f782c761b5a760,COMPLETE
1223567374,300522,世名科技,2025-05-17,2025-05-22,2025-05-23,2025-05-23,0.04,苏州世名科技股份有限公司2024年年度权益分派实施公告,pdf/1223567374.pdf,f9e17f2af415b410cefed8ea1ddccf11c2d7c4e76c0749dd9fa3579d7b184709,COMPLETE
1223567380,600987,航民股份,2025-05-17,2025-05-22,2025-05-23,2025-05-23,0.3,航民股份2024年年度权益分派实施公告,pdf/1223567380.pdf,8a631a346289e184e547adf84a08d2bb32bc3974faca026f74e206e17f7e8f04,COMPLETE
1223567385,688293,奥浦迈,2025-05-17,2025-05-22,2025-05-23,2025-05-23,0.2,奥浦迈：2024年年度权益分派实施公告,pdf/1223567385.pdf,08e2c6becb98aa8938cbfd998128a0646ff47e158676d450385db0188c73b251,COMPLETE
1223567764,688692,达梦数据,2025-05-17,,,,,2024年年度权益分派实施公告,pdf/1223567764.pdf,226b40ce7f99c7a1d424b3ce012d555c8d67dec193c81036cf4de02b3498087c,NO_CASH_DIVIDEND
1223567833,300296,利亚德,2025-05-17,2025-05-23,2025-05-26,2025-05-26,0.1,2024年年度权益分派实施公告,pdf/1223567833.pdf,460fc191f8054fe595f4d19aabedee620668d0d03a5d196704e89757def486e1,COMPLETE
1223567899,300529,健帆生物,2025-05-17,2025-05-23,2025-05-26,2025-05-26,0.8,2024年度权益分派实施公告,pdf/1223567899.pdf,56858429568db72428aafd13a2ca1eff5ef63e783ad8fd9142f86dcc66bbef09,COMPLETE
1223567966,603886,元祖股份,2025-05-17,2025-05-22,2025-05-23,2025-05-23,1.0,元祖股份2024年年度权益分派实施公告,pdf/1223567966.pdf,febddbedd9344943324a08e508bccec0ded6a6a77810e89152c1d3e52c4ce74e,COMPLETE
1223568139,600469,风神股份,2025-05-17,2025-05-22,2025-05-23,2025-05-23,0.04,风神轮胎股份有限公司2024年年度权益分派实施公告,pdf/1223568139.pdf,815b984d0f98684fffa5dec324e892eea465378fc67919d45b5e4a3dc2f90755,COMPLETE
1223568197,300409,道氏技术,2025-05-17,2025-05-22,2025-05-23,2025-05-23,0.18,2024年年度权益分派实施公告,pdf/1223568197.pdf,43a5bf975446cb6391bcace5eb0d6e57ed90e75ac7c912535a62edffec5150b7,COMPLETE
1223568306,603036,如通股份,2025-05-17,2025-05-22,2025-05-23,2025-05-23,0.2,如通股份2024年年度权益分派实施公告,pdf/1223568306.pdf,cbb70ab678d055daebf5e405bbd37e03a285a1cd1e386be73ed899575e26b3b5,COMPLETE
1223568309,603637,镇海股份,2025-05-17,2025-05-22,2025-05-23,2025-05-23,0.2,镇海石化工程股份有限公司2024年年度权益分派实施公告,pdf/1223568309.pdf,6d0b58852cf4499cdb7d8a2c8ddc7bd292525a79d5d8758f43dcea66d9c1a719,COMPLETE
1223568320,688545,兴福电子,2025-05-17,2025-05-22,2025-05-23,2025-05-23,0.2,湖北兴福电子材料股份有限公司2024年年度权益分派实施公告,pdf/1223568320.pdf,41f4e58460b1c56305421a50b0899bda92c42491199b7aa638190646b203af03,COMPLETE
1223568551,600598,北大荒,2025-05-17,2025-05-22,2025-05-23,2025-05-23,0.55,黑龙江北大荒农业股份有限公司2024年年度权益分派实施公告,pdf/1223568551.pdf,ca78d9fefc1c4c7877890d4136df9525201b364d0c3847922f925b1dd7dfb262,COMPLETE
1223568665,301446,福事特,2025-05-17,2025-05-23,2025-05-26,2025-05-26,0.1,2024年年度权益分派实施公告,pdf/1223568665.pdf,78bc24f51924c78e2a4fa82136f432e3cc5eaa123d70183c32600e12237bb3e6,COMPLETE
1223568818,301101,明月镜片,2025-05-17,2025-05-22,2025-05-23,2025-05-23,0.5,关于2024年度权益分派实施公告,pdf/1223568818.pdf,62a598d16c255955db1bd8d634482b74dd271da13938b8331c57f09293a650ce,COMPLETE
1223569155,688279,峰岹科技,2025-05-17,2025-05-22,2025-05-23,2025-05-23,0.78,2024年年度权益分派实施公告,pdf/1223569155.pdf,d1371320ee06e704027a8fff905af70be707d5c0b50cbefb25432358bb00c47c,COMPLETE
1223569157,688389,普门科技,2025-05-17,2025-05-22,2025-05-23,2025-05-23,0.282,深圳普门科技股份有限公司2024年年度权益分派实施公告,pdf/1223569157.pdf,5eddddf03ac91b3cfa0804e080d536b79348a706bec558e0bd5302eb89bddd16,COMPLETE
1223569307,002988,豪美新材,2025-05-17,2025-05-23,2025-05-26,2025-05-26,0.16,2024年年度权益分派实施公告,pdf/1223569307.pdf,518c5b7aa50485ea3d9c9ec21c83e3761217c66b820678f6758ea44a79c8152d,COMPLETE
1223569323,300851,交大思诺,2025-05-17,2025-05-23,2025-05-26,2025-05-26,0.43,2024年年度权益分派实施公告,pdf/1223569323.pdf,a94b48c177d0317cf4e4e3432cfea59f052b1849234b1ccb78f7cc873bf9737a,COMPLETE
1223569379,688708,佳驰科技,2025-05-17,2025-05-22,2025-05-23,2025-05-23,0.1,2024年度权益分派实施公告,pdf/1223569379.pdf,385bffbc925de105ac334eb422447b88a234006704bb6d55b7ea2e6dc9c6239b,COMPLETE
1223569599,002135,东南网架,2025-05-17,2025-05-22,2025-05-23,2025-05-23,0.06999999999999999,2024年年度权益分派实施公告,pdf/1223569599.pdf,7f9193ca5b920d57f66b9727984ef9c5e03f8bffd0b7da25de7e68223202f56f,COMPLETE
1223569931,301023,江南奕帆,2025-05-17,2025-05-22,2025-05-23,2025-05-23,0.6,2024年年度权益分派实施公告,pdf/1223569931.pdf,523a5b4e817a9930059f5424279f213f71c010f5206b592fab588b1f587c732c,COMPLETE
1223571825,002558,巨人网络,2025-05-17,2025-05-23,2025-05-26,2025-05-26,0.13999999999999999,2024年度权益分派实施公告,pdf/1223571825.pdf,9962a42c4d9e04d48875d5f3f9b22d480fb256fd9583894cdab0584efaf3b3dd,COMPLETE
1223572698,300923,研奥股份,2025-05-17,2025-05-23,2025-05-26,2025-05-26,0.45,2024年年度权益分派实施公告,pdf/1223572698.pdf,6f32cddd0bad30bf87696c0b2c5bb08f97cd400823ffa25d3218591d0f452790,COMPLETE
1223585022,001337,四川黄金,2025-05-17,2025-05-23,2025-05-26,2025-05-26,0.25,【2025-024】2024年年度权益分派实施公告,pdf/1223585022.pdf,40087aec8d22aa400998b83ef3a5cd58e944215132724ad8e7d5fe539265e2e7,COMPLETE
1223568275,300703,创源股份,2025-05-19,2025-05-23,2025-05-26,2025-05-26,0.15,2024年年度权益分派实施公告,pdf/1223568275.pdf,3c9a5d804f9f66dc341bdee07f7c1292bd8580ae4dbaaf31c16ab3d9599396a7,COMPLETE
1223568673,301365,矩阵股份,2025-05-19,2025-05-23,2025-05-26,2025-05-26,0.35,2024年年度权益分派实施公告,pdf/1223568673.pdf,483738a2291809c13fc910029bc3c6ebeaafd400292c6e670d3253696171918b,COMPLETE
1223570570,002032,苏 泊 尔,2025-05-19,2025-05-26,2025-05-27,2025-05-27,2.81,2024年度权益分派实施公告,pdf/1223570570.pdf,49ece91360295010aff9433ef01d62a033aa1636dba1117e7b1bdaa9c63aad42,COMPLETE
1223581229,600276,恒瑞医药,2025-05-19,2025-05-22,2025-05-23,2025-05-23,0.2,恒瑞医药2024年年度权益分派实施公告,pdf/1223581229.pdf,7a166018b355668c2eaccc3d133f20fde364f58e10e863725852020e0eb0686f,COMPLETE
1223581237,603019,中科曙光,2025-05-19,2025-05-22,2025-05-23,2025-05-23,0.27,中科曙光2024年度权益分派实施公告,pdf/1223581237.pdf,6a53da66eb8457f04286f5f08338be77255c15e76a7c47fc131dfd5ab7899eec,COMPLETE
1223581240,603658,安图生物,2025-05-19,2025-05-23,2025-05-26,2025-05-26,1.26,安图生物2024年年度权益分派实施公告,pdf/1223581240.pdf,c01bbf0f61ec28d1f680b0934f5743c1774945014b33f70bdf8cc92de60059af,COMPLETE
1223581242,603727,博迈科,2025-05-19,2025-05-22,2025-05-23,2025-05-23,0.25,博迈科海洋工程股份有限公司2024年年度权益分派实施公告,pdf/1223581242.pdf,82d023304bdd34bad5cc55e8866b8d1c15f7e7f1e5de3e92ace1b7f0e4fa616e,COMPLETE
1223581278,600873,梅花生物,2025-05-19,2025-05-22,2025-05-23,2025-05-23,0.42597,梅花生物2024年年度权益分派实施公告,pdf/1223581278.pdf,5d3d9df98650b0dc3fa49062c40f7ff44643ed4305e8adefb5f3b0b019418276,COMPLETE
1223589847,832522,纳科诺尔,2025-05-19,,2025-05-28,2025-05-28,0.3,2024年年度权益分派实施公告,pdf/1223589847.pdf,c80479e190f20bde0410b69349cb7a7378f3c26bbdfc094978c977f48095f385,INCOMPLETE
1223589898,873593,鼎智科技,2025-05-19,,2025-05-27,2025-05-27,0.2,2024年年度权益分派实施公告,pdf/1223589898.pdf,5a552d697c1c463376376b8ca8cc5a1bd335232b688b173e62091df9150326cc,INCOMPLETE
1223589906,833454,同心传动,2025-05-19,,2025-05-27,2025-05-27,0.16,2024年年度权益分派实施公告,pdf/1223589906.pdf,f54cce992551ab6a5a9fe53a77351b46bda6b76a4884ed03fef71f3a01c34eea,INCOMPLETE
1223591634,873152,天宏锂电,2025-05-19,,2025-05-27,2025-05-27,0.03,2024年年度权益分派实施公告,pdf/1223591634.pdf,45449e2a355cec82573e01645fa4a8c5e4a5d449cd106a47fad82e67a48398fc,INCOMPLETE
1223591641,834261,一诺威,2025-05-19,,2025-05-26,2025-05-26,0.3,2024年年度权益分派实施公告,pdf/1223591641.pdf,ff6847162f8fcf29baee30666fdab7a71a30dd430ca908f8f51fcde4eb3dcb8b,INCOMPLETE
1223591646,835892,中科美菱,2025-05-19,,2025-05-26,2025-05-26,0.08,2024年年度权益分派实施公告,pdf/1223591646.pdf,7c43781e3f4c17ea9d50fb7dacdc73882e6f1b82b25eb1e6e063d187cc18aff4,INCOMPLETE
1223591701,871263,莱赛激光,2025-05-19,,2025-05-27,,0.0,2024年年度权益分派实施公告,pdf/1223591701.pdf,0bcb9f7fa72e7f32531373f22bb0dbd87d7d5a3f8700a6db8cdab6b65aa5dfae,INCOMPLETE
1223587292,301181,标榜股份,2025-05-19,2025-05-23,2025-05-26,2025-05-26,0.5,2024年年度权益分派实施公告,pdf/1223587292.pdf,cf7c2488cb5cebffae67d43fa8883d4abfbf103a252f6959ef00dd2742375462,COMPLETE
1223587295,301220,亚香股份,2025-05-19,2025-05-23,2025-05-26,2025-05-26,0.2,2024年年度权益分派实施公告,pdf/1223587295.pdf,04e99e494c5a5a229627108d2465a122004822bacf3937e14fe8baa3ad958215,COMPLETE
1223587360,301015,百洋医药,2025-05-19,2025-05-26,2025-05-27,2025-05-27,0.7619998,2024年度权益分派实施公告,pdf/1223587360.pdf,b15a17ba9b0ec6654d3b9f111ace2ff43d983f84d54e4e41a0d0675162e450f9,COMPLETE
1223587608,300791,仙乐健康,2025-05-19,2025-05-26,2025-05-27,2025-05-27,0.65,2024年度权益分派实施公告,pdf/1223587608.pdf,ecabfdc24c39cf88bf9137ca7bc0567fab3d65fabf5a1a37d7f862b7f171ec3f,COMPLETE
1223588727,301369,联动科技,2025-05-19,2025-05-26,2025-05-27,2025-05-27,0.26,2024年年度权益分派实施公告,pdf/1223588727.pdf,f15eba4acc98241780d7c060060dbcf605cd33015863b46eca8f57594a0601b0,COMPLETE
1223588740,300474,景嘉微,2025-05-19,2025-05-23,2025-05-26,2025-05-26,0.06,2024年年度权益分派实施公告,pdf/1223588740.pdf,d87d7e819f704e058110b7734a253b842be0133f9f91f9e6ffc989787210277a,COMPLETE
1223588679,300263,隆华科技,2025-05-19,2025-05-26,2025-05-27,2025-05-27,0.0499999,2024年年度权益分派实施公告,pdf/1223588679.pdf,13d26f0ee159436f8b0ba7d8452a30f0847019b91c4b6ad219619da5cd030382,COMPLETE
1223588924,301617,博苑股份,2025-05-19,2025-05-23,2025-05-26,2025-05-26,0.3,2024年年度权益分派实施公告,pdf/1223588924.pdf,524a7643040df3565e3475f1e520234a269146f33a11d6deceeec39613afc3f9,COMPLETE
1223589035,300360,炬华科技,2025-05-19,2025-05-23,2025-05-26,2025-05-26,0.4,2024年年度权益分派实施公告,pdf/1223589035.pdf,cccf5a5c5127a5c113a6a0d4cd131bfad27bc2cecda94b4aca9e214e1c1f3155,COMPLETE
1223587465,300498,温氏股份,2025-05-19,2025-05-23,2025-05-26,2025-05-26,0.2,2024年年度权益分派实施公告,pdf/1223587465.pdf,dd4dc790f86f589de3a77a74467cc490b310d3ae229815fb7ffa10faf3641767,COMPLETE
1223587373,300701,森霸传感,2025-05-19,2025-05-23,2025-05-26,2025-05-26,0.1,2024年年度权益分派实施公告,pdf/1223587373.pdf,eebda66c6e3e8d975f5462684af70e7ff7e029450ae41307b75e49e4da8236cc,COMPLETE
1223587517,300070,碧水源,2025-05-19,2025-05-26,2025-05-27,2025-05-27,0.004,2024年年度权益分派实施公告,pdf/1223587517.pdf,b88cb01c962c5a4b892caf4b24c62ff0792c1fc2669008ca1bce73fe3ac75389,COMPLETE
1223587521,300187,永清环保,2025-05-19,2025-05-26,2025-05-27,2025-05-27,0.09,2024年年度权益分派实施公告,pdf/1223587521.pdf,ca673346a75631cadc620f387c3364c9f054c18525db2cf442a4df32429afea0,COMPLETE
1223587609,301035,润丰股份,2025-05-19,2025-05-23,2025-05-26,2025-05-26,0.41,2024年年度权益分派实施公告,pdf/1223587609.pdf,f2c4fe2b3ad96d846812d8871c68dc2fb85edef31c52fc4157be9bde722fa848,COMPLETE
1223589392,301187,欧圣电气,2025-05-19,2025-05-22,2025-05-23,2025-05-23,0.25,2024年年度权益分派实施公告,pdf/1223589392.pdf,d0494b2fda04f1c64cd10c772681682def59067054194b3fec00d9905a7ae10b,COMPLETE
1223589923,300882,万胜智能,2025-05-19,2025-05-26,2025-05-27,2025-05-27,0.05,2024年年度权益分派实施公告,pdf/1223589923.pdf,3417ca867249bd8c3fe079e0f074c5d6bf8417030c1883d00b69336122154c22,COMPLETE
1223590489,300819,聚杰微纤,2025-05-19,2025-05-26,2025-05-27,2025-05-27,0.3,2024年年度权益分派实施公告,pdf/1223590489.pdf,70252f9871da48c2da0588ab9082eb5c6d9ec8173df5164bef96c68b8b56fd67,COMPLETE
