notice_id,publish_date,effective_date,index_code,index_name,direction,security_code,security_name,source_file,source_sha256
15232,2024-05-08,2024-05-10,000852,中证1000,IN,300415,伊之密,attachments/15232-4317.xlsx,e0787d48f55efab7512d69101b9975a3218ea33247706778243be5f271b0da6e
15232,2024-05-08,2024-05-10,000852,中证1000,IN,600651,飞乐音响,attachments/15232-4317.xlsx,e0787d48f55efab7512d69101b9975a3218ea33247706778243be5f271b0da6e
15232,2024-05-08,2024-05-10,000852,中证1000,IN,603398,沐邦高科,attachments/15232-4317.xlsx,e0787d48f55efab7512d69101b9975a3218ea33247706778243be5f271b0da6e
15232,2024-05-08,2024-05-10,000852,中证1000,OUT,000989,ST九芝,attachments/15232-4317.xlsx,e0787d48f55efab7512d69101b9975a3218ea33247706778243be5f271b0da6e
15232,2024-05-08,2024-05-10,000852,中证1000,OUT,300208,*ST中程,attachments/15232-4317.xlsx,e0787d48f55efab7512d69101b9975a3218ea33247706778243be5f271b0da6e
15232,2024-05-08,2024-05-10,000852,中证1000,OUT,600777,ST新潮,attachments/15232-4317.xlsx,e0787d48f55efab7512d69101b9975a3218ea33247706778243be5f271b0da6e
15267,2024-05-31,2024-06-14,000300,沪深300,IN,000807,云铝股份,attachments/15267-4450.pdf,bfcdac63888f3d85e5b9a802041a21a596a12f5479d6767c8229228f2373423f
15267,2024-05-31,2024-06-14,000300,沪深300,IN,001965,招商公路,attachments/15267-4450.pdf,bfcdac63888f3d85e5b9a802041a21a596a12f5479d6767c8229228f2373423f
15267,2024-05-31,2024-06-14,000300,沪深300,IN,300418,昆仑万维,attachments/15267-4450.pdf,bfcdac63888f3d85e5b9a802041a21a596a12f5479d6767c8229228f2373423f
15267,2024-05-31,2024-06-14,000300,沪深300,IN,300442,润泽科技,attachments/15267-4450.pdf,bfcdac63888f3d85e5b9a802041a21a596a12f5479d6767c8229228f2373423f
15267,2024-05-31,2024-06-14,000300,沪深300,IN,300832,新产业,attachments/15267-4450.pdf,bfcdac63888f3d85e5b9a802041a21a596a12f5479d6767c8229228f2373423f
15267,2024-05-31,2024-06-14,000300,沪深300,IN,600026,中远海能,attachments/15267-4450.pdf,bfcdac63888f3d85e5b9a802041a21a596a12f5479d6767c8229228f2373423f
15267,2024-05-31,2024-06-14,000300,沪深300,IN,600027,华电国际,attachments/15267-4450.pdf,bfcdac63888f3d85e5b9a802041a21a596a12f5479d6767c8229228f2373423f
15267,2024-05-31,2024-06-14,000300,沪深300,IN,600161,天坛生物,attachments/15267-4450.pdf,bfcdac63888f3d85e5b9a802041a21a596a12f5479d6767c8229228f2373423f
15267,2024-05-31,2024-06-14,000300,沪深300,IN,600415,小商品城,attachments/15267-4450.pdf,bfcdac63888f3d85e5b9a802041a21a596a12f5479d6767c8229228f2373423f
15267,2024-05-31,2024-06-14,000300,沪深300,IN,603296,华勤技术,attachments/15267-4450.pdf,bfcdac63888f3d85e5b9a802041a21a596a12f5479d6767c8229228f2373423f
15267,2024-05-31,2024-06-14,000300,沪深300,IN,688009,中国通号,attachments/15267-4450.pdf,bfcdac63888f3d85e5b9a802041a21a596a12f5479d6767c8229228f2373423f
15267,2024-05-31,2024-06-14,000300,沪深300,IN,688082,盛美上海,attachments/15267-4450.pdf,bfcdac63888f3d85e5b9a802041a21a596a12f5479d6767c8229228f2373423f
15267,2024-05-31,2024-06-14,000300,沪深300,OUT,000069,华侨城 A,attachments/15267-4450.pdf,bfcdac63888f3d85e5b9a802041a21a596a12f5479d6767c8229228f2373423f
15267,2024-05-31,2024-06-14,000300,沪深300,OUT,000877,天山股份,attachments/15267-4450.pdf,bfcdac63888f3d85e5b9a802041a21a596a12f5479d6767c8229228f2373423f
15267,2024-05-31,2024-06-14,000300,沪深300,OUT,002202,金风科技,attachments/15267-4450.pdf,bfcdac63888f3d85e5b9a802041a21a596a12f5479d6767c8229228f2373423f
15267,2024-05-31,2024-06-14,000300,沪深300,OUT,300763,锦浪科技,attachments/15267-4450.pdf,bfcdac63888f3d85e5b9a802041a21a596a12f5479d6767c8229228f2373423f
15267,2024-05-31,2024-06-14,000300,沪深300,OUT,600606,绿地控股,attachments/15267-4450.pdf,bfcdac63888f3d85e5b9a802041a21a596a12f5479d6767c8229228f2373423f
15267,2024-05-31,2024-06-14,000300,沪深300,OUT,600754,锦江酒店,attachments/15267-4450.pdf,bfcdac63888f3d85e5b9a802041a21a596a12f5479d6767c8229228f2373423f
15267,2024-05-31,2024-06-14,000300,沪深300,OUT,601155,新城控股,attachments/15267-4450.pdf,bfcdac63888f3d85e5b9a802041a21a596a12f5479d6767c8229228f2373423f
15267,2024-05-31,2024-06-14,000300,沪深300,OUT,601615,明阳智能,attachments/15267-4450.pdf,bfcdac63888f3d85e5b9a802041a21a596a12f5479d6767c8229228f2373423f
15267,2024-05-31,2024-06-14,000300,沪深300,OUT,603290,斯达半导,attachments/15267-4450.pdf,bfcdac63888f3d85e5b9a802041a21a596a12f5479d6767c8229228f2373423f
15267,2024-05-31,2024-06-14,000300,沪深300,OUT,603486,科沃斯,attachments/15267-4450.pdf,bfcdac63888f3d85e5b9a802041a21a596a12f5479d6767c8229228f2373423f
15267,2024-05-31,2024-06-14,000300,沪深300,OUT,688065,凯赛生物,attachments/15267-4450.pdf,bfcdac63888f3d85e5b9a802041a21a596a12f5479d6767c8229228f2373423f
15267,2024-05-31,2024-06-14,000300,沪深300,OUT,688561,奇安信,attachments/15267-4450.pdf,bfcdac63888f3d85e5b9a802041a21a596a12f5479d6767c8229228f2373423f
15267,2024-05-31,2024-06-14,000852,中证1000,IN,000429,粤高速 A,attachments/15267-4450.pdf,bfcdac63888f3d85e5b9a802041a21a596a12f5479d6767c8229228f2373423f
15267,2024-05-31,2024-06-14,000852,中证1000,IN,000581,威孚高科,attachments/15267-4450.pdf,bfcdac63888f3d85e5b9a802041a21a596a12f5479d6767c8229228f2373423f
15267,2024-05-31,2024-06-14,000852,中证1000,IN,000628,高新发展,attachments/15267-4450.pdf,bfcdac63888f3d85e5b9a802041a21a596a12f5479d6767c8229228f2373423f
15267,2024-05-31,2024-06-14,000852,中证1000,IN,000766,通化金马,attachments/15267-4450.pdf,bfcdac63888f3d85e5b9a802041a21a596a12f5479d6767c8229228f2373423f
15267,2024-05-31,2024-06-14,000852,中证1000,IN,000970,中科三环,attachments/15267-4450.pdf,bfcdac63888f3d85e5b9a802041a21a596a12f5479d6767c8229228f2373423f
15267,2024-05-31,2024-06-14,000852,中证1000,IN,001309,德明利,attachments/15267-4450.pdf,bfcdac63888f3d85e5b9a802041a21a596a12f5479d6767c8229228f2373423f
15267,2024-05-31,2024-06-14,000852,中证1000,IN,001376,百通能源,attachments/15267-4450.pdf,bfcdac63888f3d85e5b9a802041a21a596a12f5479d6767c8229228f2373423f
15267,2024-05-31,2024-06-14,000852,中证1000,IN,001914,招商积余,attachments/15267-4450.pdf,bfcdac63888f3d85e5b9a802041a21a596a12f5479d6767c8229228f2373423f
15267,2024-05-31,2024-06-14,000852,中证1000,IN,002010,传化智联,attachments/15267-4450.pdf,bfcdac63888f3d85e5b9a802041a21a596a12f5479d6767c8229228f2373423f
15267,2024-05-31,2024-06-14,000852,中证1000,IN,002075,沙钢股份,attachments/15267-4450.pdf,bfcdac63888f3d85e5b9a802041a21a596a12f5479d6767c8229228f2373423f
15267,2024-05-31,2024-06-14,000852,中证1000,IN,002154,报喜鸟,attachments/15267-4450.pdf,bfcdac63888f3d85e5b9a802041a21a596a12f5479d6767c8229228f2373423f
15267,2024-05-31,2024-06-14,000852,中证1000,IN,002192,融捷股份,attachments/15267-4450.pdf,bfcdac63888f3d85e5b9a802041a21a596a12f5479d6767c8229228f2373423f
15267,2024-05-31,2024-06-14,000852,中证1000,IN,002270,华明装备,attachments/15267-4450.pdf,bfcdac63888f3d85e5b9a802041a21a596a12f5479d6767c8229228f2373423f
15267,2024-05-31,2024-06-14,000852,中证1000,IN,002315,焦点科技,attachments/15267-4450.pdf,bfcdac63888f3d85e5b9a802041a21a596a12f5479d6767c8229228f2373423f
15267,2024-05-31,2024-06-14,000852,中证1000,IN,002468,申通快递,attachments/15267-4450.pdf,bfcdac63888f3d85e5b9a802041a21a596a12f5479d6767c8229228f2373423f
15267,2024-05-31,2024-06-14,000852,中证1000,IN,002511,中顺洁柔,attachments/15267-4450.pdf,bfcdac63888f3d85e5b9a802041a21a596a12f5479d6767c8229228f2373423f
15267,2024-05-31,2024-06-14,000852,中证1000,IN,002681,奋达科技,attachments/15267-4450.pdf,bfcdac63888f3d85e5b9a802041a21a596a12f5479d6767c8229228f2373423f
15267,2024-05-31,2024-06-14,000852,中证1000,IN,002761,浙江建投,attachments/15267-4450.pdf,bfcdac63888f3d85e5b9a802041a21a596a12f5479d6767c8229228f2373423f
15267,2024-05-31,2024-06-14,000852,中证1000,IN,002925,盈趣科技,attachments/15267-4450.pdf,bfcdac63888f3d85e5b9a802041a21a596a12f5479d6767c8229228f2373423f
15267,2024-05-31,2024-06-14,000852,中证1000,IN,300026,红日药业,attachments/15267-4450.pdf,bfcdac63888f3d85e5b9a802041a21a596a12f5479d6767c8229228f2373423f
15267,2024-05-31,2024-06-14,000852,中证1000,IN,300045,华力创通,attachments/15267-4450.pdf,bfcdac63888f3d85e5b9a802041a21a596a12f5479d6767c8229228f2373423f
15267,2024-05-31,2024-06-14,000852,中证1000,IN,300049,福瑞股份,attachments/15267-4450.pdf,bfcdac63888f3d85e5b9a802041a21a596a12f5479d6767c8229228f2373423f
15267,2024-05-31,2024-06-14,000852,中证1000,IN,300115,长盈精密,attachments/15267-4450.pdf,bfcdac63888f3d85e5b9a802041a21a596a12f5479d6767c8229228f2373423f
15267,2024-05-31,2024-06-14,000852,中证1000,IN,300129,泰胜风能,attachments/15267-4450.pdf,bfcdac63888f3d85e5b9a802041a21a596a12f5479d6767c8229228f2373423f
15267,2024-05-31,2024-06-14,000852,中证1000,IN,300140,节能环境,attachments/15267-4450.pdf,bfcdac63888f3d85e5b9a802041a21a596a12f5479d6767c8229228f2373423f
15267,2024-05-31,2024-06-14,000852,中证1000,IN,300244,迪安诊断,attachments/15267-4450.pdf,bfcdac63888f3d85e5b9a802041a21a596a12f5479d6767c8229228f2373423f
15267,2024-05-31,2024-06-14,000852,中证1000,IN,300257,开山股份,attachments/15267-4450.pdf,bfcdac63888f3d85e5b9a802041a21a596a12f5479d6767c8229228f2373423f
15267,2024-05-31,2024-06-14,000852,中证1000,IN,300363,博腾股份,attachments/15267-4450.pdf,bfcdac63888f3d85e5b9a802041a21a596a12f5479d6767c8229228f2373423f
15267,2024-05-31,2024-06-14,000852,中证1000,IN,300446,航天智造,attachments/15267-4450.pdf,bfcdac63888f3d85e5b9a802041a21a596a12f5479d6767c8229228f2373423f
15267,2024-05-31,2024-06-14,000852,中证1000,IN,300570,太辰光,attachments/15267-4450.pdf,bfcdac63888f3d85e5b9a802041a21a596a12f5479d6767c8229228f2373423f
15267,2024-05-31,2024-06-14,000852,中证1000,IN,300576,容大感光,attachments/15267-4450.pdf,bfcdac63888f3d85e5b9a802041a21a596a12f5479d6767c8229228f2373423f
15267,2024-05-31,2024-06-14,000852,中证1000,IN,300660,江苏雷利,attachments/15267-4450.pdf,bfcdac63888f3d85e5b9a802041a21a596a12f5479d6767c8229228f2373423f
15267,2024-05-31,2024-06-14,000852,中证1000,IN,300678,中科信息,attachments/15267-4450.pdf,bfcdac63888f3d85e5b9a802041a21a596a12f5479d6767c8229228f2373423f
15267,2024-05-31,2024-06-14,000852,中证1000,IN,300705,九典制药,attachments/15267-4450.pdf,bfcdac63888f3d85e5b9a802041a21a596a12f5479d6767c8229228f2373423f
15267,2024-05-31,2024-06-14,000852,中证1000,IN,300757,罗博特科,attachments/15267-4450.pdf,bfcdac63888f3d85e5b9a802041a21a596a12f5479d6767c8229228f2373423f
15267,2024-05-31,2024-06-14,000852,中证1000,IN,300850,新强联,attachments/15267-4450.pdf,bfcdac63888f3d85e5b9a802041a21a596a12f5479d6767c8229228f2373423f
15267,2024-05-31,2024-06-14,000852,中证1000,IN,300857,协创数据,attachments/15267-4450.pdf,bfcdac63888f3d85e5b9a802041a21a596a12f5479d6767c8229228f2373423f
15267,2024-05-31,2024-06-14,000852,中证1000,IN,301339,通行宝,attachments/15267-4450.pdf,bfcdac63888f3d85e5b9a802041a21a596a12f5479d6767c8229228f2373423f
15267,2024-05-31,2024-06-14,000852,中证1000,IN,301348,蓝箭电子,attachments/15267-4450.pdf,bfcdac63888f3d85e5b9a802041a21a596a12f5479d6767c8229228f2373423f
15267,2024-05-31,2024-06-14,000852,中证1000,IN,301371,敷尔佳,attachments/15267-4450.pdf,bfcdac63888f3d85e5b9a802041a21a596a12f5479d6767c8229228f2373423f
15267,2024-05-31,2024-06-14,000852,中证1000,IN,301487,盟固利,attachments/15267-4450.pdf,bfcdac63888f3d85e5b9a802041a21a596a12f5479d6767c8229228f2373423f
15267,2024-05-31,2024-06-14,000852,中证1000,IN,301498,乖宝宠物,attachments/15267-4450.pdf,bfcdac63888f3d85e5b9a802041a21a596a12f5479d6767c8229228f2373423f
15267,2024-05-31,2024-06-14,000852,中证1000,IN,301510,固高科技,attachments/15267-4450.pdf,bfcdac63888f3d85e5b9a802041a21a596a12f5479d6767c8229228f2373423f
15267,2024-05-31,2024-06-14,000852,中证1000,IN,301511,德福科技,attachments/15267-4450.pdf,bfcdac63888f3d85e5b9a802041a21a596a12f5479d6767c8229228f2373423f
15267,2024-05-31,2024-06-14,000852,中证1000,IN,301526,国际复材,attachments/15267-4450.pdf,bfcdac63888f3d85e5b9a802041a21a596a12f5479d6767c8229228f2373423f
15267,2024-05-31,2024-06-14,000852,中证1000,IN,301558,三态股份,attachments/15267-4450.pdf,bfcdac63888f3d85e5b9a802041a21a596a12f5479d6767c8229228f2373423f
15267,2024-05-31,2024-06-14,000852,中证1000,IN,301559,中集环科,attachments/15267-4450.pdf,bfcdac63888f3d85e5b9a802041a21a596a12f5479d6767c8229228f2373423f
15267,2024-05-31,2024-06-14,000852,中证1000,IN,600033,福建高速,attachments/15267-4450.pdf,bfcdac63888f3d85e5b9a802041a21a596a12f5479d6767c8229228f2373423f
15267,2024-05-31,2024-06-14,000852,中证1000,IN,600269,赣粤高速,attachments/15267-4450.pdf,bfcdac63888f3d85e5b9a802041a21a596a12f5479d6767c8229228f2373423f
15267,2024-05-31,2024-06-14,000852,中证1000,IN,600297,广汇汽车,attachments/15267-4450.pdf,bfcdac63888f3d85e5b9a802041a21a596a12f5479d6767c8229228f2373423f
15267,2024-05-31,2024-06-14,000852,中证1000,IN,600301,华锡有色,attachments/15267-4450.pdf,bfcdac63888f3d85e5b9a802041a21a596a12f5479d6767c8229228f2373423f
15267,2024-05-31,2024-06-14,000852,中证1000,IN,600461,洪城环境,attachments/15267-4450.pdf,bfcdac63888f3d85e5b9a802041a21a596a12f5479d6767c8229228f2373423f
15267,2024-05-31,2024-06-14,000852,中证1000,IN,600509,天富能源,attachments/15267-4450.pdf,bfcdac63888f3d85e5b9a802041a21a596a12f5479d6767c8229228f2373423f
15267,2024-05-31,2024-06-14,000852,中证1000,IN,600597,光明乳业,attachments/15267-4450.pdf,bfcdac63888f3d85e5b9a802041a21a596a12f5479d6767c8229228f2373423f
15267,2024-05-31,2024-06-14,000852,中证1000,IN,600757,长江传媒,attachments/15267-4450.pdf,bfcdac63888f3d85e5b9a802041a21a596a12f5479d6767c8229228f2373423f
15267,2024-05-31,2024-06-14,000852,中证1000,IN,600961,株冶集团,attachments/15267-4450.pdf,bfcdac63888f3d85e5b9a802041a21a596a12f5479d6767c8229228f2373423f
15267,2024-05-31,2024-06-14,000852,中证1000,IN,601033,永兴股份,attachments/15267-4450.pdf,bfcdac63888f3d85e5b9a802041a21a596a12f5479d6767c8229228f2373423f
15267,2024-05-31,2024-06-14,000852,中证1000,IN,601038,一拖股份,attachments/15267-4450.pdf,bfcdac63888f3d85e5b9a802041a21a596a12f5479d6767c8229228f2373423f
15267,2024-05-31,2024-06-14,000852,中证1000,IN,601083,锦江航运,attachments/15267-4450.pdf,bfcdac63888f3d85e5b9a802041a21a596a12f5479d6767c8229228f2373423f
15267,2024-05-31,2024-06-14,000852,中证1000,IN,601096,宏盛华源,attachments/15267-4450.pdf,bfcdac63888f3d85e5b9a802041a21a596a12f5479d6767c8229228f2373423f
15267,2024-05-31,2024-06-14,000852,中证1000,IN,601107,四川成渝,attachments/15267-4450.pdf,bfcdac63888f3d85e5b9a802041a21a596a12f5479d6767c8229228f2373423f
15267,2024-05-31,2024-06-14,000852,中证1000,IN,601187,厦门银行,attachments/15267-4450.pdf,bfcdac63888f3d85e5b9a802041a21a596a12f5479d6767c8229228f2373423f
15267,2024-05-31,2024-06-14,000852,中证1000,IN,601595,上海电影,attachments/15267-4450.pdf,bfcdac63888f3d85e5b9a802041a21a596a12f5479d6767c8229228f2373423f
15267,2024-05-31,2024-06-14,000852,中证1000,IN,601778,晶科科技,attachments/15267-4450.pdf,bfcdac63888f3d85e5b9a802041a21a596a12f5479d6767c8229228f2373423f
15267,2024-05-31,2024-06-14,000852,中证1000,IN,603026,胜华新材,attachments/15267-4450.pdf,bfcdac63888f3d85e5b9a802041a21a596a12f5479d6767c8229228f2373423f
15267,2024-05-31,2024-06-14,000852,中证1000,IN,603039,泛微网络,attachments/15267-4450.pdf,bfcdac63888f3d85e5b9a802041a21a596a12f5479d6767c8229228f2373423f
15267,2024-05-31,2024-06-14,000852,中证1000,IN,603075,热威股份,attachments/15267-4450.pdf,bfcdac63888f3d85e5b9a802041a21a596a12f5479d6767c8229228f2373423f
15267,2024-05-31,2024-06-14,000852,中证1000,IN,603220,中贝通信,attachments/15267-4450.pdf,bfcdac63888f3d85e5b9a802041a21a596a12f5479d6767c8229228f2373423f
15267,2024-05-31,2024-06-14,000852,中证1000,IN,603267,鸿远电子,attachments/15267-4450.pdf,bfcdac63888f3d85e5b9a802041a21a596a12f5479d6767c8229228f2373423f
15267,2024-05-31,2024-06-14,000852,中证1000,IN,603283,赛腾股份,attachments/15267-4450.pdf,bfcdac63888f3d85e5b9a802041a21a596a12f5479d6767c8229228f2373423f
15267,2024-05-31,2024-06-14,000852,中证1000,IN,603327,福蓉科技,attachments/15267-4450.pdf,bfcdac63888f3d85e5b9a802041a21a596a12f5479d6767c8229228f2373423f
15267,2024-05-31,2024-06-14,000852,中证1000,IN,603358,华达科技,attachments/15267-4450.pdf,bfcdac63888f3d85e5b9a802041a21a596a12f5479d6767c8229228f2373423f
15267,2024-05-31,2024-06-14,000852,中证1000,IN,603383,顶点软件,attachments/15267-4450.pdf,bfcdac63888f3d85e5b9a802041a21a596a12f5479d6767c8229228f2373423f
15267,2024-05-31,2024-06-14,000852,中证1000,IN,603866,桃李面包,attachments/15267-4450.pdf,bfcdac63888f3d85e5b9a802041a21a596a12f5479d6767c8229228f2373423f
15267,2024-05-31,2024-06-14,000852,中证1000,IN,605011,杭州热电,attachments/15267-4450.pdf,bfcdac63888f3d85e5b9a802041a21a596a12f5479d6767c8229228f2373423f
15267,2024-05-31,2024-06-14,000852,中证1000,IN,605599,菜百股份,attachments/15267-4450.pdf,bfcdac63888f3d85e5b9a802041a21a596a12f5479d6767c8229228f2373423f
15267,2024-05-31,2024-06-14,000852,中证1000,IN,688062,迈威生物,attachments/15267-4450.pdf,bfcdac63888f3d85e5b9a802041a21a596a12f5479d6767c8229228f2373423f
15267,2024-05-31,2024-06-14,000852,中证1000,IN,688076,诺泰生物,attachments/15267-4450.pdf,bfcdac63888f3d85e5b9a802041a21a596a12f5479d6767c8229228f2373423f
15267,2024-05-31,2024-06-14,000852,中证1000,IN,688105,诺唯赞,attachments/15267-4450.pdf,bfcdac63888f3d85e5b9a802041a21a596a12f5479d6767c8229228f2373423f
15267,2024-05-31,2024-06-14,000852,中证1000,IN,688141,杰华特,attachments/15267-4450.pdf,bfcdac63888f3d85e5b9a802041a21a596a12f5479d6767c8229228f2373423f
15267,2024-05-31,2024-06-14,000852,中证1000,IN,688146,中船特气,attachments/15267-4450.pdf,bfcdac63888f3d85e5b9a802041a21a596a12f5479d6767c8229228f2373423f
15267,2024-05-31,2024-06-14,000852,中证1000,IN,688147,微导纳米,attachments/15267-4450.pdf,bfcdac63888f3d85e5b9a802041a21a596a12f5479d6767c8229228f2373423f
15267,2024-05-31,2024-06-14,000852,中证1000,IN,688177,百奥泰,attachments/15267-4450.pdf,bfcdac63888f3d85e5b9a802041a21a596a12f5479d6767c8229228f2373423f
15267,2024-05-31,2024-06-14,000852,中证1000,IN,688183,生益电子,attachments/15267-4450.pdf,bfcdac63888f3d85e5b9a802041a21a596a12f5479d6767c8229228f2373423f
15267,2024-05-31,2024-06-14,000852,中证1000,IN,688208,道通科技,attachments/15267-4450.pdf,bfcdac63888f3d85e5b9a802041a21a596a12f5479d6767c8229228f2373423f
15267,2024-05-31,2024-06-14,000852,中证1000,IN,688279,峰岹科技,attachments/15267-4450.pdf,bfcdac63888f3d85e5b9a802041a21a596a12f5479d6767c8229228f2373423f
15267,2024-05-31,2024-06-14,000852,中证1000,IN,688336,三生国健,attachments/15267-4450.pdf,bfcdac63888f3d85e5b9a802041a21a596a12f5479d6767c8229228f2373423f
15267,2024-05-31,2024-06-14,000852,中证1000,IN,688343,云天励飞,attachments/15267-4450.pdf,bfcdac63888f3d85e5b9a802041a21a596a12f5479d6767c8229228f2373423f
15267,2024-05-31,2024-06-14,000852,中证1000,IN,688352,颀中科技,attachments/15267-4450.pdf,bfcdac63888f3d85e5b9a802041a21a596a12f5479d6767c8229228f2373423f
15267,2024-05-31,2024-06-14,000852,中证1000,IN,688362,甬矽电子,attachments/15267-4450.pdf,bfcdac63888f3d85e5b9a802041a21a596a12f5479d6767c8229228f2373423f
15267,2024-05-31,2024-06-14,000852,中证1000,IN,688432,有研硅,attachments/15267-4450.pdf,bfcdac63888f3d85e5b9a802041a21a596a12f5479d6767c8229228f2373423f
15267,2024-05-31,2024-06-14,000852,中证1000,IN,688433,华曙高科,attachments/15267-4450.pdf,bfcdac63888f3d85e5b9a802041a21a596a12f5479d6767c8229228f2373423f
15267,2024-05-31,2024-06-14,000852,中证1000,IN,688484,南芯科技,attachments/15267-4450.pdf,bfcdac63888f3d85e5b9a802041a21a596a12f5479d6767c8229228f2373423f
15267,2024-05-31,2024-06-14,000852,中证1000,IN,688498,源杰科技,attachments/15267-4450.pdf,bfcdac63888f3d85e5b9a802041a21a596a12f5479d6767c8229228f2373423f
15267,2024-05-31,2024-06-14,000852,中证1000,IN,688502,茂莱光学,attachments/15267-4450.pdf,bfcdac63888f3d85e5b9a802041a21a596a12f5479d6767c8229228f2373423f
15267,2024-05-31,2024-06-14,000852,中证1000,IN,688503,聚和材料,attachments/15267-4450.pdf,bfcdac63888f3d85e5b9a802041a21a596a12f5479d6767c8229228f2373423f
15267,2024-05-31,2024-06-14,000852,中证1000,IN,688515,裕太微,attachments/15267-4450.pdf,bfcdac63888f3d85e5b9a802041a21a596a12f5479d6767c8229228f2373423f
15267,2024-05-31,2024-06-14,000852,中证1000,IN,688531,日联科技,attachments/15267-4450.pdf,bfcdac63888f3d85e5b9a802041a21a596a12f5479d6767c8229228f2373423f
15267,2024-05-31,2024-06-14,000852,中证1000,IN,688658,悦康药业,attachments/15267-4450.pdf,bfcdac63888f3d85e5b9a802041a21a596a12f5479d6767c8229228f2373423f
15267,2024-05-31,2024-06-14,000852,中证1000,IN,688690,纳微科技,attachments/15267-4450.pdf,bfcdac63888f3d85e5b9a802041a21a596a12f5479d6767c8229228f2373423f
15267,2024-05-31,2024-06-14,000852,中证1000,OUT,000006,深振业 A,attachments/15267-4450.pdf,bfcdac63888f3d85e5b9a802041a21a596a12f5479d6767c8229228f2373423f
15267,2024-05-31,2024-06-14,000852,中证1000,OUT,000032,深桑达 A,attachments/15267-4450.pdf,bfcdac63888f3d85e5b9a802041a21a596a12f5479d6767c8229228f2373423f
15267,2024-05-31,2024-06-14,000852,中证1000,OUT,000560,我爱我家,attachments/15267-4450.pdf,bfcdac63888f3d85e5b9a802041a21a596a12f5479d6767c8229228f2373423f
15267,2024-05-31,2024-06-14,000852,中证1000,OUT,000789,万年青,attachments/15267-4450.pdf,bfcdac63888f3d85e5b9a802041a21a596a12f5479d6767c8229228f2373423f
15267,2024-05-31,2024-06-14,000852,中证1000,OUT,000818,航锦科技,attachments/15267-4450.pdf,bfcdac63888f3d85e5b9a802041a21a596a12f5479d6767c8229228f2373423f
15267,2024-05-31,2024-06-14,000852,中证1000,OUT,000851,ST 高鸿,attachments/15267-4450.pdf,bfcdac63888f3d85e5b9a802041a21a596a12f5479d6767c8229228f2373423f
15267,2024-05-31,2024-06-14,000852,中证1000,OUT,000921,海信家电,attachments/15267-4450.pdf,bfcdac63888f3d85e5b9a802041a21a596a12f5479d6767c8229228f2373423f
15267,2024-05-31,2024-06-14,000852,中证1000,OUT,002124,ST 天邦,attachments/15267-4450.pdf,bfcdac63888f3d85e5b9a802041a21a596a12f5479d6767c8229228f2373423f
15267,2024-05-31,2024-06-14,000852,中证1000,OUT,002201,正威新材,attachments/15267-4450.pdf,bfcdac63888f3d85e5b9a802041a21a596a12f5479d6767c8229228f2373423f
15267,2024-05-31,2024-06-14,000852,中证1000,OUT,002206,海利得,attachments/15267-4450.pdf,bfcdac63888f3d85e5b9a802041a21a596a12f5479d6767c8229228f2373423f
15267,2024-05-31,2024-06-14,000852,中证1000,OUT,002217,*ST 合泰,attachments/15267-4450.pdf,bfcdac63888f3d85e5b9a802041a21a596a12f5479d6767c8229228f2373423f
15267,2024-05-31,2024-06-14,000852,中证1000,OUT,002218,拓日新能,attachments/15267-4450.pdf,bfcdac63888f3d85e5b9a802041a21a596a12f5479d6767c8229228f2373423f
15267,2024-05-31,2024-06-14,000852,中证1000,OUT,002261,拓维信息,attachments/15267-4450.pdf,bfcdac63888f3d85e5b9a802041a21a596a12f5479d6767c8229228f2373423f
15267,2024-05-31,2024-06-14,000852,中证1000,OUT,002307,北新路桥,attachments/15267-4450.pdf,bfcdac63888f3d85e5b9a802041a21a596a12f5479d6767c8229228f2373423f
15267,2024-05-31,2024-06-14,000852,中证1000,OUT,002424,ST 百灵,attachments/15267-4450.pdf,bfcdac63888f3d85e5b9a802041a21a596a12f5479d6767c8229228f2373423f
15267,2024-05-31,2024-06-14,000852,中证1000,OUT,002436,兴森科技,attachments/15267-4450.pdf,bfcdac63888f3d85e5b9a802041a21a596a12f5479d6767c8229228f2373423f
15267,2024-05-31,2024-06-14,000852,中证1000,OUT,002440,闰土股份,attachments/15267-4450.pdf,bfcdac63888f3d85e5b9a802041a21a596a12f5479d6767c8229228f2373423f
15267,2024-05-31,2024-06-14,000852,中证1000,OUT,002556,辉隆股份,attachments/15267-4450.pdf,bfcdac63888f3d85e5b9a802041a21a596a12f5479d6767c8229228f2373423f
15267,2024-05-31,2024-06-14,000852,中证1000,OUT,002573,清新环境,attachments/15267-4450.pdf,bfcdac63888f3d85e5b9a802041a21a596a12f5479d6767c8229228f2373423f
15267,2024-05-31,2024-06-14,000852,中证1000,OUT,002610,ST 爱康,attachments/15267-4450.pdf,bfcdac63888f3d85e5b9a802041a21a596a12f5479d6767c8229228f2373423f
15267,2024-05-31,2024-06-14,000852,中证1000,OUT,002645,华宏科技,attachments/15267-4450.pdf,bfcdac63888f3d85e5b9a802041a21a596a12f5479d6767c8229228f2373423f
15267,2024-05-31,2024-06-14,000852,中证1000,OUT,002677,浙江美大,attachments/15267-4450.pdf,bfcdac63888f3d85e5b9a802041a21a596a12f5479d6767c8229228f2373423f
15267,2024-05-31,2024-06-14,000852,中证1000,OUT,002724,海洋王,attachments/15267-4450.pdf,bfcdac63888f3d85e5b9a802041a21a596a12f5479d6767c8229228f2373423f
15267,2024-05-31,2024-06-14,000852,中证1000,OUT,002741,光华科技,attachments/15267-4450.pdf,bfcdac63888f3d85e5b9a802041a21a596a12f5479d6767c8229228f2373423f
15267,2024-05-31,2024-06-14,000852,中证1000,OUT,002768,国恩股份,attachments/15267-4450.pdf,bfcdac63888f3d85e5b9a802041a21a596a12f5479d6767c8229228f2373423f
15267,2024-05-31,2024-06-14,000852,中证1000,OUT,002838,道恩股份,attachments/15267-4450.pdf,bfcdac63888f3d85e5b9a802041a21a596a12f5479d6767c8229228f2373423f
15267,2024-05-31,2024-06-14,000852,中证1000,OUT,002866,传艺科技,attachments/15267-4450.pdf,bfcdac63888f3d85e5b9a802041a21a596a12f5479d6767c8229228f2373423f
15267,2024-05-31,2024-06-14,000852,中证1000,OUT,002918,蒙娜丽莎,attachments/15267-4450.pdf,bfcdac63888f3d85e5b9a802041a21a596a12f5479d6767c8229228f2373423f
15267,2024-05-31,2024-06-14,000852,中证1000,OUT,002932,明德生物,attachments/15267-4450.pdf,bfcdac63888f3d85e5b9a802041a21a596a12f5479d6767c8229228f2373423f
15267,2024-05-31,2024-06-14,000852,中证1000,OUT,002950,奥美医疗,attachments/15267-4450.pdf,bfcdac63888f3d85e5b9a802041a21a596a12f5479d6767c8229228f2373423f
15267,2024-05-31,2024-06-14,000852,中证1000,OUT,002979,雷赛智能,attachments/15267-4450.pdf,bfcdac63888f3d85e5b9a802041a21a596a12f5479d6767c8229228f2373423f
15267,2024-05-31,2024-06-14,000852,中证1000,OUT,002984,森麒麟,attachments/15267-4450.pdf,bfcdac63888f3d85e5b9a802041a21a596a12f5479d6767c8229228f2373423f
15267,2024-05-31,2024-06-14,000852,中证1000,OUT,300002,神州泰岳,attachments/15267-4450.pdf,bfcdac63888f3d85e5b9a802041a21a596a12f5479d6767c8229228f2373423f
15267,2024-05-31,2024-06-14,000852,中证1000,OUT,300054,鼎龙股份,attachments/15267-4450.pdf,bfcdac63888f3d85e5b9a802041a21a596a12f5479d6767c8229228f2373423f
15267,2024-05-31,2024-06-14,000852,中证1000,OUT,300158,振东制药,attachments/15267-4450.pdf,bfcdac63888f3d85e5b9a802041a21a596a12f5479d6767c8229228f2373423f
15267,2024-05-31,2024-06-14,000852,中证1000,OUT,300271,华宇软件,attachments/15267-4450.pdf,bfcdac63888f3d85e5b9a802041a21a596a12f5479d6767c8229228f2373423f
15267,2024-05-31,2024-06-14,000852,中证1000,OUT,300377,赢时胜,attachments/15267-4450.pdf,bfcdac63888f3d85e5b9a802041a21a596a12f5479d6767c8229228f2373423f
15267,2024-05-31,2024-06-14,000852,中证1000,OUT,300401,花园生物,attachments/15267-4450.pdf,bfcdac63888f3d85e5b9a802041a21a596a12f5479d6767c8229228f2373423f
15267,2024-05-31,2024-06-14,000852,中证1000,OUT,300497,富祥药业,attachments/15267-4450.pdf,bfcdac63888f3d85e5b9a802041a21a596a12f5479d6767c8229228f2373423f
15267,2024-05-31,2024-06-14,000852,中证1000,OUT,300567,精测电子,attachments/15267-4450.pdf,bfcdac63888f3d85e5b9a802041a21a596a12f5479d6767c8229228f2373423f
15267,2024-05-31,2024-06-14,000852,中证1000,OUT,300630,普利制药,attachments/15267-4450.pdf,bfcdac63888f3d85e5b9a802041a21a596a12f5479d6767c8229228f2373423f
15267,2024-05-31,2024-06-14,000852,中证1000,OUT,300639,凯普生物,attachments/15267-4450.pdf,bfcdac63888f3d85e5b9a802041a21a596a12f5479d6767c8229228f2373423f
15267,2024-05-31,2024-06-14,000852,中证1000,OUT,300653,正海生物,attachments/15267-4450.pdf,bfcdac63888f3d85e5b9a802041a21a596a12f5479d6767c8229228f2373423f
15267,2024-05-31,2024-06-14,000852,中证1000,OUT,300662,科锐国际,attachments/15267-4450.pdf,bfcdac63888f3d85e5b9a802041a21a596a12f5479d6767c8229228f2373423f
15267,2024-05-31,2024-06-14,000852,中证1000,OUT,300696,爱乐达,attachments/15267-4450.pdf,bfcdac63888f3d85e5b9a802041a21a596a12f5479d6767c8229228f2373423f
15267,2024-05-31,2024-06-14,000852,中证1000,OUT,300765,新诺威,attachments/15267-4450.pdf,bfcdac63888f3d85e5b9a802041a21a596a12f5479d6767c8229228f2373423f
15267,2024-05-31,2024-06-14,000852,中证1000,OUT,300767,震安科技,attachments/15267-4450.pdf,bfcdac63888f3d85e5b9a802041a21a596a12f5479d6767c8229228f2373423f
15267,2024-05-31,2024-06-14,000852,中证1000,OUT,300792,壹网壹创,attachments/15267-4450.pdf,bfcdac63888f3d85e5b9a802041a21a596a12f5479d6767c8229228f2373423f
15267,2024-05-31,2024-06-14,000852,中证1000,OUT,300803,指南针,attachments/15267-4450.pdf,bfcdac63888f3d85e5b9a802041a21a596a12f5479d6767c8229228f2373423f
15267,2024-05-31,2024-06-14,000852,中证1000,OUT,301060,兰卫医学,attachments/15267-4450.pdf,bfcdac63888f3d85e5b9a802041a21a596a12f5479d6767c8229228f2373423f
15267,2024-05-31,2024-06-14,000852,中证1000,OUT,301165,锐捷网络,attachments/15267-4450.pdf,bfcdac63888f3d85e5b9a802041a21a596a12f5479d6767c8229228f2373423f
15267,2024-05-31,2024-06-14,000852,中证1000,OUT,301200,大族数控,attachments/15267-4450.pdf,bfcdac63888f3d85e5b9a802041a21a596a12f5479d6767c8229228f2373423f
15267,2024-05-31,2024-06-14,000852,中证1000,OUT,301267,华厦眼科,attachments/15267-4450.pdf,bfcdac63888f3d85e5b9a802041a21a596a12f5479d6767c8229228f2373423f
15267,2024-05-31,2024-06-14,000852,中证1000,OUT,301286,侨源股份,attachments/15267-4450.pdf,bfcdac63888f3d85e5b9a802041a21a596a12f5479d6767c8229228f2373423f
15267,2024-05-31,2024-06-14,000852,中证1000,OUT,301358,湖南裕能,attachments/15267-4450.pdf,bfcdac63888f3d85e5b9a802041a21a596a12f5479d6767c8229228f2373423f
15267,2024-05-31,2024-06-14,000852,中证1000,OUT,600098,广州发展,attachments/15267-4450.pdf,bfcdac63888f3d85e5b9a802041a21a596a12f5479d6767c8229228f2373423f
15267,2024-05-31,2024-06-14,000852,中证1000,OUT,600172,黄河旋风,attachments/15267-4450.pdf,bfcdac63888f3d85e5b9a802041a21a596a12f5479d6767c8229228f2373423f
15267,2024-05-31,2024-06-14,000852,中证1000,OUT,600277,ST 亿利,attachments/15267-4450.pdf,bfcdac63888f3d85e5b9a802041a21a596a12f5479d6767c8229228f2373423f
15267,2024-05-31,2024-06-14,000852,中证1000,OUT,600284,浦东建设,attachments/15267-4450.pdf,bfcdac63888f3d85e5b9a802041a21a596a12f5479d6767c8229228f2373423f
15267,2024-05-31,2024-06-14,000852,中证1000,OUT,600360,ST 华微,attachments/15267-4450.pdf,bfcdac63888f3d85e5b9a802041a21a596a12f5479d6767c8229228f2373423f
15267,2024-05-31,2024-06-14,000852,中证1000,OUT,600361,创新新材,attachments/15267-4450.pdf,bfcdac63888f3d85e5b9a802041a21a596a12f5479d6767c8229228f2373423f
15267,2024-05-31,2024-06-14,000852,中证1000,OUT,600483,福能股份,attachments/15267-4450.pdf,bfcdac63888f3d85e5b9a802041a21a596a12f5479d6767c8229228f2373423f
15267,2024-05-31,2024-06-14,000852,中证1000,OUT,600510,黑牡丹,attachments/15267-4450.pdf,bfcdac63888f3d85e5b9a802041a21a596a12f5479d6767c8229228f2373423f
15267,2024-05-31,2024-06-14,000852,中证1000,OUT,600578,京能电力,attachments/15267-4450.pdf,bfcdac63888f3d85e5b9a802041a21a596a12f5479d6767c8229228f2373423f
15267,2024-05-31,2024-06-14,000852,中证1000,OUT,600612,老凤祥,attachments/15267-4450.pdf,bfcdac63888f3d85e5b9a802041a21a596a12f5479d6767c8229228f2373423f
15267,2024-05-31,2024-06-14,000852,中证1000,OUT,600696,岩石股份,attachments/15267-4450.pdf,bfcdac63888f3d85e5b9a802041a21a596a12f5479d6767c8229228f2373423f
15267,2024-05-31,2024-06-14,000852,中证1000,OUT,600770,综艺股份,attachments/15267-4450.pdf,bfcdac63888f3d85e5b9a802041a21a596a12f5479d6767c8229228f2373423f
15267,2024-05-31,2024-06-14,000852,中证1000,OUT,600872,中炬高新,attachments/15267-4450.pdf,bfcdac63888f3d85e5b9a802041a21a596a12f5479d6767c8229228f2373423f
15267,2024-05-31,2024-06-14,000852,中证1000,OUT,600876,凯盛新能,attachments/15267-4450.pdf,bfcdac63888f3d85e5b9a802041a21a596a12f5479d6767c8229228f2373423f
15267,2024-05-31,2024-06-14,000852,中证1000,OUT,600955,维远股份,attachments/15267-4450.pdf,bfcdac63888f3d85e5b9a802041a21a596a12f5479d6767c8229228f2373423f
15267,2024-05-31,2024-06-14,000852,中证1000,OUT,601019,山东出版,attachments/15267-4450.pdf,bfcdac63888f3d85e5b9a802041a21a596a12f5479d6767c8229228f2373423f
15267,2024-05-31,2024-06-14,000852,中证1000,OUT,601212,白银有色,attachments/15267-4450.pdf,bfcdac63888f3d85e5b9a802041a21a596a12f5479d6767c8229228f2373423f
15267,2024-05-31,2024-06-14,000852,中证1000,OUT,601330,绿色动力,attachments/15267-4450.pdf,bfcdac63888f3d85e5b9a802041a21a596a12f5479d6767c8229228f2373423f
15267,2024-05-31,2024-06-14,000852,中证1000,OUT,601399,国机重装,attachments/15267-4450.pdf,bfcdac63888f3d85e5b9a802041a21a596a12f5479d6767c8229228f2373423f
15267,2024-05-31,2024-06-14,000852,中证1000,OUT,601567,三星医疗,attachments/15267-4450.pdf,bfcdac63888f3d85e5b9a802041a21a596a12f5479d6767c8229228f2373423f
15267,2024-05-31,2024-06-14,000852,中证1000,OUT,601858,中国科传,attachments/15267-4450.pdf,bfcdac63888f3d85e5b9a802041a21a596a12f5479d6767c8229228f2373423f
15267,2024-05-31,2024-06-14,000852,中证1000,OUT,601965,中国汽研,attachments/15267-4450.pdf,bfcdac63888f3d85e5b9a802041a21a596a12f5479d6767c8229228f2373423f
15267,2024-05-31,2024-06-14,000852,中证1000,OUT,603010,万盛股份,attachments/15267-4450.pdf,bfcdac63888f3d85e5b9a802041a21a596a12f5479d6767c8229228f2373423f
15267,2024-05-31,2024-06-14,000852,中证1000,OUT,603032,德新科技,attachments/15267-4450.pdf,bfcdac63888f3d85e5b9a802041a21a596a12f5479d6767c8229228f2373423f
15267,2024-05-31,2024-06-14,000852,中证1000,OUT,603087,甘李药业,attachments/15267-4450.pdf,bfcdac63888f3d85e5b9a802041a21a596a12f5479d6767c8229228f2373423f
15267,2024-05-31,2024-06-14,000852,中证1000,OUT,603179,新泉股份,attachments/15267-4450.pdf,bfcdac63888f3d85e5b9a802041a21a596a12f5479d6767c8229228f2373423f
15267,2024-05-31,2024-06-14,000852,中证1000,OUT,603208,江山欧派,attachments/15267-4450.pdf,bfcdac63888f3d85e5b9a802041a21a596a12f5479d6767c8229228f2373423f
15267,2024-05-31,2024-06-14,000852,中证1000,OUT,603298,杭叉集团,attachments/15267-4450.pdf,bfcdac63888f3d85e5b9a802041a21a596a12f5479d6767c8229228f2373423f
15267,2024-05-31,2024-06-14,000852,中证1000,OUT,603363,*ST 傲农,attachments/15267-4450.pdf,bfcdac63888f3d85e5b9a802041a21a596a12f5479d6767c8229228f2373423f
15267,2024-05-31,2024-06-14,000852,中证1000,OUT,603396,金辰股份,attachments/15267-4450.pdf,bfcdac63888f3d85e5b9a802041a21a596a12f5479d6767c8229228f2373423f
15267,2024-05-31,2024-06-14,000852,中证1000,OUT,603728,鸣志电器,attachments/15267-4450.pdf,bfcdac63888f3d85e5b9a802041a21a596a12f5479d6767c8229228f2373423f
15267,2024-05-31,2024-06-14,000852,中证1000,OUT,603979,金诚信,attachments/15267-4450.pdf,bfcdac63888f3d85e5b9a802041a21a596a12f5479d6767c8229228f2373423f
15267,2024-05-31,2024-06-14,000852,中证1000,OUT,605338,巴比食品,attachments/15267-4450.pdf,bfcdac63888f3d85e5b9a802041a21a596a12f5479d6767c8229228f2373423f
15267,2024-05-31,2024-06-14,000852,中证1000,OUT,605369,拱东医疗,attachments/15267-4450.pdf,bfcdac63888f3d85e5b9a802041a21a596a12f5479d6767c8229228f2373423f
15267,2024-05-31,2024-06-14,000852,中证1000,OUT,688017,绿的谐波,attachments/15267-4450.pdf,bfcdac63888f3d85e5b9a802041a21a596a12f5479d6767c8229228f2373423f
15267,2024-05-31,2024-06-14,000852,中证1000,OUT,688133,泰坦科技,attachments/15267-4450.pdf,bfcdac63888f3d85e5b9a802041a21a596a12f5479d6767c8229228f2373423f
15267,2024-05-31,2024-06-14,000852,中证1000,OUT,688198,佰仁医疗,attachments/15267-4450.pdf,bfcdac63888f3d85e5b9a802041a21a596a12f5479d6767c8229228f2373423f
15267,2024-05-31,2024-06-14,000852,中证1000,OUT,688213,思特威,attachments/15267-4450.pdf,bfcdac63888f3d85e5b9a802041a21a596a12f5479d6767c8229228f2373423f
15267,2024-05-31,2024-06-14,000852,中证1000,OUT,688238,和元生物,attachments/15267-4450.pdf,bfcdac63888f3d85e5b9a802041a21a596a12f5479d6767c8229228f2373423f
15267,2024-05-31,2024-06-14,000852,中证1000,OUT,688275,万润新能,attachments/15267-4450.pdf,bfcdac63888f3d85e5b9a802041a21a596a12f5479d6767c8229228f2373423f
15267,2024-05-31,2024-06-14,000852,中证1000,OUT,688356,键凯科技,attachments/15267-4450.pdf,bfcdac63888f3d85e5b9a802041a21a596a12f5479d6767c8229228f2373423f
15267,2024-05-31,2024-06-14,000852,中证1000,OUT,688499,利元亨,attachments/15267-4450.pdf,bfcdac63888f3d85e5b9a802041a21a596a12f5479d6767c8229228f2373423f
15267,2024-05-31,2024-06-14,000852,中证1000,OUT,688617,惠泰医疗,attachments/15267-4450.pdf,bfcdac63888f3d85e5b9a802041a21a596a12f5479d6767c8229228f2373423f
15267,2024-05-31,2024-06-14,000852,中证1000,OUT,688660,电气风电,attachments/15267-4450.pdf,bfcdac63888f3d85e5b9a802041a21a596a12f5479d6767c8229228f2373423f
15267,2024-05-31,2024-06-14,000852,中证1000,OUT,688733,壹石通,attachments/15267-4450.pdf,bfcdac63888f3d85e5b9a802041a21a596a12f5479d6767c8229228f2373423f
15267,2024-05-31,2024-06-14,000905,中证500,IN,000032,深桑达 A,attachments/15267-4450.pdf,bfcdac63888f3d85e5b9a802041a21a596a12f5479d6767c8229228f2373423f
15267,2024-05-31,2024-06-14,000905,中证500,IN,000818,航锦科技,attachments/15267-4450.pdf,bfcdac63888f3d85e5b9a802041a21a596a12f5479d6767c8229228f2373423f
15267,2024-05-31,2024-06-14,000905,中证500,IN,000921,海信家电,attachments/15267-4450.pdf,bfcdac63888f3d85e5b9a802041a21a596a12f5479d6767c8229228f2373423f
15267,2024-05-31,2024-06-14,000905,中证500,IN,002202,金风科技,attachments/15267-4450.pdf,bfcdac63888f3d85e5b9a802041a21a596a12f5479d6767c8229228f2373423f
15267,2024-05-31,2024-06-14,000905,中证500,IN,002261,拓维信息,attachments/15267-4450.pdf,bfcdac63888f3d85e5b9a802041a21a596a12f5479d6767c8229228f2373423f
15267,2024-05-31,2024-06-14,000905,中证500,IN,002436,兴森科技,attachments/15267-4450.pdf,bfcdac63888f3d85e5b9a802041a21a596a12f5479d6767c8229228f2373423f
15267,2024-05-31,2024-06-14,000905,中证500,IN,002984,森麒麟,attachments/15267-4450.pdf,bfcdac63888f3d85e5b9a802041a21a596a12f5479d6767c8229228f2373423f
15267,2024-05-31,2024-06-14,000905,中证500,IN,300002,神州泰岳,attachments/15267-4450.pdf,bfcdac63888f3d85e5b9a802041a21a596a12f5479d6767c8229228f2373423f
15267,2024-05-31,2024-06-14,000905,中证500,IN,300054,鼎龙股份,attachments/15267-4450.pdf,bfcdac63888f3d85e5b9a802041a21a596a12f5479d6767c8229228f2373423f
15267,2024-05-31,2024-06-14,000905,中证500,IN,300567,精测电子,attachments/15267-4450.pdf,bfcdac63888f3d85e5b9a802041a21a596a12f5479d6767c8229228f2373423f
15267,2024-05-31,2024-06-14,000905,中证500,IN,300763,锦浪科技,attachments/15267-4450.pdf,bfcdac63888f3d85e5b9a802041a21a596a12f5479d6767c8229228f2373423f
15267,2024-05-31,2024-06-14,000905,中证500,IN,300765,新诺威,attachments/15267-4450.pdf,bfcdac63888f3d85e5b9a802041a21a596a12f5479d6767c8229228f2373423f
15267,2024-05-31,2024-06-14,000905,中证500,IN,300803,指南针,attachments/15267-4450.pdf,bfcdac63888f3d85e5b9a802041a21a596a12f5479d6767c8229228f2373423f
15267,2024-05-31,2024-06-14,000905,中证500,IN,301165,锐捷网络,attachments/15267-4450.pdf,bfcdac63888f3d85e5b9a802041a21a596a12f5479d6767c8229228f2373423f
15267,2024-05-31,2024-06-14,000905,中证500,IN,301267,华厦眼科,attachments/15267-4450.pdf,bfcdac63888f3d85e5b9a802041a21a596a12f5479d6767c8229228f2373423f
15267,2024-05-31,2024-06-14,000905,中证500,IN,301358,湖南裕能,attachments/15267-4450.pdf,bfcdac63888f3d85e5b9a802041a21a596a12f5479d6767c8229228f2373423f
15267,2024-05-31,2024-06-14,000905,中证500,IN,600098,广州发展,attachments/15267-4450.pdf,bfcdac63888f3d85e5b9a802041a21a596a12f5479d6767c8229228f2373423f
15267,2024-05-31,2024-06-14,000905,中证500,IN,600361,创新新材,attachments/15267-4450.pdf,bfcdac63888f3d85e5b9a802041a21a596a12f5479d6767c8229228f2373423f
15267,2024-05-31,2024-06-14,000905,中证500,IN,600483,福能股份,attachments/15267-4450.pdf,bfcdac63888f3d85e5b9a802041a21a596a12f5479d6767c8229228f2373423f
15267,2024-05-31,2024-06-14,000905,中证500,IN,600578,京能电力,attachments/15267-4450.pdf,bfcdac63888f3d85e5b9a802041a21a596a12f5479d6767c8229228f2373423f
15267,2024-05-31,2024-06-14,000905,中证500,IN,600612,老凤祥,attachments/15267-4450.pdf,bfcdac63888f3d85e5b9a802041a21a596a12f5479d6767c8229228f2373423f
15267,2024-05-31,2024-06-14,000905,中证500,IN,600754,锦江酒店,attachments/15267-4450.pdf,bfcdac63888f3d85e5b9a802041a21a596a12f5479d6767c8229228f2373423f
15267,2024-05-31,2024-06-14,000905,中证500,IN,600763,通策医疗,attachments/15267-4450.pdf,bfcdac63888f3d85e5b9a802041a21a596a12f5479d6767c8229228f2373423f
15267,2024-05-31,2024-06-14,000905,中证500,IN,600816,建元信托,attachments/15267-4450.pdf,bfcdac63888f3d85e5b9a802041a21a596a12f5479d6767c8229228f2373423f
15267,2024-05-31,2024-06-14,000905,中证500,IN,600872,中炬高新,attachments/15267-4450.pdf,bfcdac63888f3d85e5b9a802041a21a596a12f5479d6767c8229228f2373423f
15267,2024-05-31,2024-06-14,000905,中证500,IN,601019,山东出版,attachments/15267-4450.pdf,bfcdac63888f3d85e5b9a802041a21a596a12f5479d6767c8229228f2373423f
15267,2024-05-31,2024-06-14,000905,中证500,IN,601155,新城控股,attachments/15267-4450.pdf,bfcdac63888f3d85e5b9a802041a21a596a12f5479d6767c8229228f2373423f
15267,2024-05-31,2024-06-14,000905,中证500,IN,601212,白银有色,attachments/15267-4450.pdf,bfcdac63888f3d85e5b9a802041a21a596a12f5479d6767c8229228f2373423f
15267,2024-05-31,2024-06-14,000905,中证500,IN,601399,国机重装,attachments/15267-4450.pdf,bfcdac63888f3d85e5b9a802041a21a596a12f5479d6767c8229228f2373423f
15267,2024-05-31,2024-06-14,000905,中证500,IN,601567,三星医疗,attachments/15267-4450.pdf,bfcdac63888f3d85e5b9a802041a21a596a12f5479d6767c8229228f2373423f
15267,2024-05-31,2024-06-14,000905,中证500,IN,601615,明阳智能,attachments/15267-4450.pdf,bfcdac63888f3d85e5b9a802041a21a596a12f5479d6767c8229228f2373423f
15267,2024-05-31,2024-06-14,000905,中证500,IN,601858,中国科传,attachments/15267-4450.pdf,bfcdac63888f3d85e5b9a802041a21a596a12f5479d6767c8229228f2373423f
15267,2024-05-31,2024-06-14,000905,中证500,IN,601965,中国汽研,attachments/15267-4450.pdf,bfcdac63888f3d85e5b9a802041a21a596a12f5479d6767c8229228f2373423f
15267,2024-05-31,2024-06-14,000905,中证500,IN,603087,甘李药业,attachments/15267-4450.pdf,bfcdac63888f3d85e5b9a802041a21a596a12f5479d6767c8229228f2373423f
15267,2024-05-31,2024-06-14,000905,中证500,IN,603179,新泉股份,attachments/15267-4450.pdf,bfcdac63888f3d85e5b9a802041a21a596a12f5479d6767c8229228f2373423f
15267,2024-05-31,2024-06-14,000905,中证500,IN,603290,斯达半导,attachments/15267-4450.pdf,bfcdac63888f3d85e5b9a802041a21a596a12f5479d6767c8229228f2373423f
15267,2024-05-31,2024-06-14,000905,中证500,IN,603298,杭叉集团,attachments/15267-4450.pdf,bfcdac63888f3d85e5b9a802041a21a596a12f5479d6767c8229228f2373423f
15267,2024-05-31,2024-06-14,000905,中证500,IN,603345,安井食品,attachments/15267-4450.pdf,bfcdac63888f3d85e5b9a802041a21a596a12f5479d6767c8229228f2373423f
15267,2024-05-31,2024-06-14,000905,中证500,IN,603486,科沃斯,attachments/15267-4450.pdf,bfcdac63888f3d85e5b9a802041a21a596a12f5479d6767c8229228f2373423f
15267,2024-05-31,2024-06-14,000905,中证500,IN,603728,鸣志电器,attachments/15267-4450.pdf,bfcdac63888f3d85e5b9a802041a21a596a12f5479d6767c8229228f2373423f
15267,2024-05-31,2024-06-14,000905,中证500,IN,603979,金诚信,attachments/15267-4450.pdf,bfcdac63888f3d85e5b9a802041a21a596a12f5479d6767c8229228f2373423f
15267,2024-05-31,2024-06-14,000905,中证500,IN,688017,绿的谐波,attachments/15267-4450.pdf,bfcdac63888f3d85e5b9a802041a21a596a12f5479d6767c8229228f2373423f
15267,2024-05-31,2024-06-14,000905,中证500,IN,688065,凯赛生物,attachments/15267-4450.pdf,bfcdac63888f3d85e5b9a802041a21a596a12f5479d6767c8229228f2373423f
15267,2024-05-31,2024-06-14,000905,中证500,IN,688172,燕东微,attachments/15267-4450.pdf,bfcdac63888f3d85e5b9a802041a21a596a12f5479d6767c8229228f2373423f
15267,2024-05-31,2024-06-14,000905,中证500,IN,688213,思特威,attachments/15267-4450.pdf,bfcdac63888f3d85e5b9a802041a21a596a12f5479d6767c8229228f2373423f
15267,2024-05-31,2024-06-14,000905,中证500,IN,688475,萤石网络,attachments/15267-4450.pdf,bfcdac63888f3d85e5b9a802041a21a596a12f5479d6767c8229228f2373423f
15267,2024-05-31,2024-06-14,000905,中证500,IN,688525,佰维存储,attachments/15267-4450.pdf,bfcdac63888f3d85e5b9a802041a21a596a12f5479d6767c8229228f2373423f
15267,2024-05-31,2024-06-14,000905,中证500,IN,688561,奇安信,attachments/15267-4450.pdf,bfcdac63888f3d85e5b9a802041a21a596a12f5479d6767c8229228f2373423f
15267,2024-05-31,2024-06-14,000905,中证500,IN,688617,惠泰医疗,attachments/15267-4450.pdf,bfcdac63888f3d85e5b9a802041a21a596a12f5479d6767c8229228f2373423f
15267,2024-05-31,2024-06-14,000905,中证500,IN,688777,中控技术,attachments/15267-4450.pdf,bfcdac63888f3d85e5b9a802041a21a596a12f5479d6767c8229228f2373423f
15267,2024-05-31,2024-06-14,000905,中证500,OUT,000089,深圳机场,attachments/15267-4450.pdf,bfcdac63888f3d85e5b9a802041a21a596a12f5479d6767c8229228f2373423f
15267,2024-05-31,2024-06-14,000905,中证500,OUT,000402,金融街,attachments/15267-4450.pdf,bfcdac63888f3d85e5b9a802041a21a596a12f5479d6767c8229228f2373423f
15267,2024-05-31,2024-06-14,000905,中证500,OUT,000547,航天发展,attachments/15267-4450.pdf,bfcdac63888f3d85e5b9a802041a21a596a12f5479d6767c8229228f2373423f
15267,2024-05-31,2024-06-14,000905,中证500,OUT,000553,安道麦 A,attachments/15267-4450.pdf,bfcdac63888f3d85e5b9a802041a21a596a12f5479d6767c8229228f2373423f
15267,2024-05-31,2024-06-14,000905,中证500,OUT,000581,威孚高科,attachments/15267-4450.pdf,bfcdac63888f3d85e5b9a802041a21a596a12f5479d6767c8229228f2373423f
15267,2024-05-31,2024-06-14,000905,中证500,OUT,000930,中粮科技,attachments/15267-4450.pdf,bfcdac63888f3d85e5b9a802041a21a596a12f5479d6767c8229228f2373423f
15267,2024-05-31,2024-06-14,000905,中证500,OUT,000970,中科三环,attachments/15267-4450.pdf,bfcdac63888f3d85e5b9a802041a21a596a12f5479d6767c8229228f2373423f
15267,2024-05-31,2024-06-14,000905,中证500,OUT,000975,银泰黄金,attachments/15267-4450.pdf,bfcdac63888f3d85e5b9a802041a21a596a12f5479d6767c8229228f2373423f
15267,2024-05-31,2024-06-14,000905,中证500,OUT,001914,招商积余,attachments/15267-4450.pdf,bfcdac63888f3d85e5b9a802041a21a596a12f5479d6767c8229228f2373423f
15267,2024-05-31,2024-06-14,000905,中证500,OUT,002010,传化智联,attachments/15267-4450.pdf,bfcdac63888f3d85e5b9a802041a21a596a12f5479d6767c8229228f2373423f
15267,2024-05-31,2024-06-14,000905,中证500,OUT,002030,达安基因,attachments/15267-4450.pdf,bfcdac63888f3d85e5b9a802041a21a596a12f5479d6767c8229228f2373423f
15267,2024-05-31,2024-06-14,000905,中证500,OUT,002032,苏泊尔,attachments/15267-4450.pdf,bfcdac63888f3d85e5b9a802041a21a596a12f5479d6767c8229228f2373423f
15267,2024-05-31,2024-06-14,000905,中证500,OUT,002092,ST 中泰,attachments/15267-4450.pdf,bfcdac63888f3d85e5b9a802041a21a596a12f5479d6767c8229228f2373423f
15267,2024-05-31,2024-06-14,000905,中证500,OUT,002131,利欧股份,attachments/15267-4450.pdf,bfcdac63888f3d85e5b9a802041a21a596a12f5479d6767c8229228f2373423f
15267,2024-05-31,2024-06-14,000905,中证500,OUT,002192,融捷股份,attachments/15267-4450.pdf,bfcdac63888f3d85e5b9a802041a21a596a12f5479d6767c8229228f2373423f
15267,2024-05-31,2024-06-14,000905,中证500,OUT,002326,永太科技,attachments/15267-4450.pdf,bfcdac63888f3d85e5b9a802041a21a596a12f5479d6767c8229228f2373423f
15267,2024-05-31,2024-06-14,000905,中证500,OUT,002399,海普瑞,attachments/15267-4450.pdf,bfcdac63888f3d85e5b9a802041a21a596a12f5479d6767c8229228f2373423f
15267,2024-05-31,2024-06-14,000905,中证500,OUT,002422,科伦药业,attachments/15267-4450.pdf,bfcdac63888f3d85e5b9a802041a21a596a12f5479d6767c8229228f2373423f
15267,2024-05-31,2024-06-14,000905,中证500,OUT,002463,沪电股份,attachments/15267-4450.pdf,bfcdac63888f3d85e5b9a802041a21a596a12f5479d6767c8229228f2373423f
15267,2024-05-31,2024-06-14,000905,中证500,OUT,002468,申通快递,attachments/15267-4450.pdf,bfcdac63888f3d85e5b9a802041a21a596a12f5479d6767c8229228f2373423f
15267,2024-05-31,2024-06-14,000905,中证500,OUT,002505,鹏都农牧,attachments/15267-4450.pdf,bfcdac63888f3d85e5b9a802041a21a596a12f5479d6767c8229228f2373423f
15267,2024-05-31,2024-06-14,000905,中证500,OUT,002511,中顺洁柔,attachments/15267-4450.pdf,bfcdac63888f3d85e5b9a802041a21a596a12f5479d6767c8229228f2373423f
15267,2024-05-31,2024-06-14,000905,中证500,OUT,002600,领益智造,attachments/15267-4450.pdf,bfcdac63888f3d85e5b9a802041a21a596a12f5479d6767c8229228f2373423f
15267,2024-05-31,2024-06-14,000905,中证500,OUT,002761,浙江建投,attachments/15267-4450.pdf,bfcdac63888f3d85e5b9a802041a21a596a12f5479d6767c8229228f2373423f
15267,2024-05-31,2024-06-14,000905,中证500,OUT,002925,盈趣科技,attachments/15267-4450.pdf,bfcdac63888f3d85e5b9a802041a21a596a12f5479d6767c8229228f2373423f
15267,2024-05-31,2024-06-14,000905,中证500,OUT,300026,红日药业,attachments/15267-4450.pdf,bfcdac63888f3d85e5b9a802041a21a596a12f5479d6767c8229228f2373423f
15267,2024-05-31,2024-06-14,000905,中证500,OUT,300244,迪安诊断,attachments/15267-4450.pdf,bfcdac63888f3d85e5b9a802041a21a596a12f5479d6767c8229228f2373423f
15267,2024-05-31,2024-06-14,000905,中证500,OUT,300257,开山股份,attachments/15267-4450.pdf,bfcdac63888f3d85e5b9a802041a21a596a12f5479d6767c8229228f2373423f
15267,2024-05-31,2024-06-14,000905,中证500,OUT,300363,博腾股份,attachments/15267-4450.pdf,bfcdac63888f3d85e5b9a802041a21a596a12f5479d6767c8229228f2373423f
15267,2024-05-31,2024-06-14,000905,中证500,OUT,300418,昆仑万维,attachments/15267-4450.pdf,bfcdac63888f3d85e5b9a802041a21a596a12f5479d6767c8229228f2373423f
15267,2024-05-31,2024-06-14,000905,中证500,OUT,300850,新强联,attachments/15267-4450.pdf,bfcdac63888f3d85e5b9a802041a21a596a12f5479d6767c8229228f2373423f
15267,2024-05-31,2024-06-14,000905,中证500,OUT,600160,巨化股份,attachments/15267-4450.pdf,bfcdac63888f3d85e5b9a802041a21a596a12f5479d6767c8229228f2373423f
15267,2024-05-31,2024-06-14,000905,中证500,OUT,600161,天坛生物,attachments/15267-4450.pdf,bfcdac63888f3d85e5b9a802041a21a596a12f5479d6767c8229228f2373423f
15267,2024-05-31,2024-06-14,000905,中证500,OUT,600167,联美控股,attachments/15267-4450.pdf,bfcdac63888f3d85e5b9a802041a21a596a12f5479d6767c8229228f2373423f
15267,2024-05-31,2024-06-14,000905,中证500,OUT,600415,小商品城,attachments/15267-4450.pdf,bfcdac63888f3d85e5b9a802041a21a596a12f5479d6767c8229228f2373423f
15267,2024-05-31,2024-06-14,000905,中证500,OUT,600482,中国动力,attachments/15267-4450.pdf,bfcdac63888f3d85e5b9a802041a21a596a12f5479d6767c8229228f2373423f
15267,2024-05-31,2024-06-14,000905,中证500,OUT,600597,光明乳业,attachments/15267-4450.pdf,bfcdac63888f3d85e5b9a802041a21a596a12f5479d6767c8229228f2373423f
15267,2024-05-31,2024-06-14,000905,中证500,OUT,601061,中信金属,attachments/15267-4450.pdf,bfcdac63888f3d85e5b9a802041a21a596a12f5479d6767c8229228f2373423f
15267,2024-05-31,2024-06-14,000905,中证500,OUT,601187,厦门银行,attachments/15267-4450.pdf,bfcdac63888f3d85e5b9a802041a21a596a12f5479d6767c8229228f2373423f
15267,2024-05-31,2024-06-14,000905,中证500,OUT,601778,晶科科技,attachments/15267-4450.pdf,bfcdac63888f3d85e5b9a802041a21a596a12f5479d6767c8229228f2373423f
15267,2024-05-31,2024-06-14,000905,中证500,OUT,603026,胜华新材,attachments/15267-4450.pdf,bfcdac63888f3d85e5b9a802041a21a596a12f5479d6767c8229228f2373423f
15267,2024-05-31,2024-06-14,000905,中证500,OUT,603267,鸿远电子,attachments/15267-4450.pdf,bfcdac63888f3d85e5b9a802041a21a596a12f5479d6767c8229228f2373423f
15267,2024-05-31,2024-06-14,000905,中证500,OUT,603355,莱克电气,attachments/15267-4450.pdf,bfcdac63888f3d85e5b9a802041a21a596a12f5479d6767c8229228f2373423f
15267,2024-05-31,2024-06-14,000905,中证500,OUT,603866,桃李面包,attachments/15267-4450.pdf,bfcdac63888f3d85e5b9a802041a21a596a12f5479d6767c8229228f2373423f
15267,2024-05-31,2024-06-14,000905,中证500,OUT,688072,拓荆科技,attachments/15267-4450.pdf,bfcdac63888f3d85e5b9a802041a21a596a12f5479d6767c8229228f2373423f
15267,2024-05-31,2024-06-14,000905,中证500,OUT,688082,盛美上海,attachments/15267-4450.pdf,bfcdac63888f3d85e5b9a802041a21a596a12f5479d6767c8229228f2373423f
15267,2024-05-31,2024-06-14,000905,中证500,OUT,688105,诺唯赞,attachments/15267-4450.pdf,bfcdac63888f3d85e5b9a802041a21a596a12f5479d6767c8229228f2373423f
15267,2024-05-31,2024-06-14,000905,中证500,OUT,688208,道通科技,attachments/15267-4450.pdf,bfcdac63888f3d85e5b9a802041a21a596a12f5479d6767c8229228f2373423f
15267,2024-05-31,2024-06-14,000905,中证500,OUT,688690,纳微科技,attachments/15267-4450.pdf,bfcdac63888f3d85e5b9a802041a21a596a12f5479d6767c8229228f2373423f
15267,2024-05-31,2024-06-14,000905,中证500,OUT,688728,格科微,attachments/15267-4450.pdf,bfcdac63888f3d85e5b9a802041a21a596a12f5479d6767c8229228f2373423f
15342,2024-08-05,2024-08-06,000852,中证1000,IN,688332,中科蓝讯,attachments/15342-4683.xlsx,e54ff6b1217abe50581179747d9faa8a1fd16b1c8eb2948069b9c4486c33fc48
15342,2024-08-05,2024-08-06,000852,中证1000,OUT,000982,中银绒业,attachments/15342-4683.xlsx,e54ff6b1217abe50581179747d9faa8a1fd16b1c8eb2948069b9c4486c33fc48
15357,2024-08-22,2024-08-23,000852,中证1000,IN,688300,联瑞新材,attachments/15357-4714.xlsx,20642dcf58a597cf675e7333939e68c90af17d53d97583aff5b49ff112781be5
15357,2024-08-22,2024-08-23,000852,中证1000,OUT,600297,广汇汽车,attachments/15357-4714.xlsx,20642dcf58a597cf675e7333939e68c90af17d53d97583aff5b49ff112781be5
15390,2024-09-06,2024-09-13,000852,中证1000,IN,301500,飞南资源,attachments/15390-4786.xlsx,06519e2023a07a5ba83bc134ee9ef55db96628f28ab5798424e3270b284d0987
15390,2024-09-06,2024-09-13,000852,中证1000,OUT,600711,ST盛屯,attachments/15390-4786.xlsx,06519e2023a07a5ba83bc134ee9ef55db96628f28ab5798424e3270b284d0987
15471,2024-11-29,2024-12-13,000300,沪深300,IN,000630,铜陵有色,attachments/15471-4993.pdf,e40f15343f472f08a6cb296d7c7bae02fdca90761ec5d19aaf768fe9b09d1e81
15471,2024-11-29,2024-12-13,000300,沪深300,IN,000975,山金国际,attachments/15471-4993.pdf,e40f15343f472f08a6cb296d7c7bae02fdca90761ec5d19aaf768fe9b09d1e81
15471,2024-11-29,2024-12-13,000300,沪深300,IN,002028,思源电气,attachments/15471-4993.pdf,e40f15343f472f08a6cb296d7c7bae02fdca90761ec5d19aaf768fe9b09d1e81
15471,2024-11-29,2024-12-13,000300,沪深300,IN,002422,科伦药业,attachments/15471-4993.pdf,e40f15343f472f08a6cb296d7c7bae02fdca90761ec5d19aaf768fe9b09d1e81
15471,2024-11-29,2024-12-13,000300,沪深300,IN,002463,沪电股份,attachments/15471-4993.pdf,e40f15343f472f08a6cb296d7c7bae02fdca90761ec5d19aaf768fe9b09d1e81
15471,2024-11-29,2024-12-13,000300,沪深300,IN,300394,天孚通信,attachments/15471-4993.pdf,e40f15343f472f08a6cb296d7c7bae02fdca90761ec5d19aaf768fe9b09d1e81
15471,2024-11-29,2024-12-13,000300,沪深300,IN,300502,新易盛,attachments/15471-4993.pdf,e40f15343f472f08a6cb296d7c7bae02fdca90761ec5d19aaf768fe9b09d1e81
15471,2024-11-29,2024-12-13,000300,沪深300,IN,600066,宇通客车,attachments/15471-4993.pdf,e40f15343f472f08a6cb296d7c7bae02fdca90761ec5d19aaf768fe9b09d1e81
15471,2024-11-29,2024-12-13,000300,沪深300,IN,600160,巨化股份,attachments/15471-4993.pdf,e40f15343f472f08a6cb296d7c7bae02fdca90761ec5d19aaf768fe9b09d1e81
15471,2024-11-29,2024-12-13,000300,沪深300,IN,600377,宁沪高速,attachments/15471-4993.pdf,e40f15343f472f08a6cb296d7c7bae02fdca90761ec5d19aaf768fe9b09d1e81
15471,2024-11-29,2024-12-13,000300,沪深300,IN,600482,中国动力,attachments/15471-4993.pdf,e40f15343f472f08a6cb296d7c7bae02fdca90761ec5d19aaf768fe9b09d1e81
15471,2024-11-29,2024-12-13,000300,沪深300,IN,601127,赛力斯,attachments/15471-4993.pdf,e40f15343f472f08a6cb296d7c7bae02fdca90761ec5d19aaf768fe9b09d1e81
15471,2024-11-29,2024-12-13,000300,沪深300,IN,601136,首创证券,attachments/15471-4993.pdf,e40f15343f472f08a6cb296d7c7bae02fdca90761ec5d19aaf768fe9b09d1e81
15471,2024-11-29,2024-12-13,000300,沪深300,IN,688169,石头科技,attachments/15471-4993.pdf,e40f15343f472f08a6cb296d7c7bae02fdca90761ec5d19aaf768fe9b09d1e81
15471,2024-11-29,2024-12-13,000300,沪深300,IN,688472,阿特斯,attachments/15471-4993.pdf,e40f15343f472f08a6cb296d7c7bae02fdca90761ec5d19aaf768fe9b09d1e81
15471,2024-11-29,2024-12-13,000300,沪深300,IN,688506,百利天恒,attachments/15471-4993.pdf,e40f15343f472f08a6cb296d7c7bae02fdca90761ec5d19aaf768fe9b09d1e81
15471,2024-11-29,2024-12-13,000300,沪深300,OUT,000733,振华科技,attachments/15471-4993.pdf,e40f15343f472f08a6cb296d7c7bae02fdca90761ec5d19aaf768fe9b09d1e81
15471,2024-11-29,2024-12-13,000300,沪深300,OUT,002410,广联达,attachments/15471-4993.pdf,e40f15343f472f08a6cb296d7c7bae02fdca90761ec5d19aaf768fe9b09d1e81
15471,2024-11-29,2024-12-13,000300,沪深300,OUT,002603,以岭药业,attachments/15471-4993.pdf,e40f15343f472f08a6cb296d7c7bae02fdca90761ec5d19aaf768fe9b09d1e81
15471,2024-11-29,2024-12-13,000300,沪深300,OUT,002821,凯莱英,attachments/15471-4993.pdf,e40f15343f472f08a6cb296d7c7bae02fdca90761ec5d19aaf768fe9b09d1e81
15471,2024-11-29,2024-12-13,000300,沪深300,OUT,002841,视源股份,attachments/15471-4993.pdf,e40f15343f472f08a6cb296d7c7bae02fdca90761ec5d19aaf768fe9b09d1e81
15471,2024-11-29,2024-12-13,000300,沪深300,OUT,300142,沃森生物,attachments/15471-4993.pdf,e40f15343f472f08a6cb296d7c7bae02fdca90761ec5d19aaf768fe9b09d1e81
15471,2024-11-29,2024-12-13,000300,沪深300,OUT,300223,北京君正,attachments/15471-4993.pdf,e40f15343f472f08a6cb296d7c7bae02fdca90761ec5d19aaf768fe9b09d1e81
15471,2024-11-29,2024-12-13,000300,沪深300,OUT,300454,深信服,attachments/15471-4993.pdf,e40f15343f472f08a6cb296d7c7bae02fdca90761ec5d19aaf768fe9b09d1e81
15471,2024-11-29,2024-12-13,000300,沪深300,OUT,300496,中科创达,attachments/15471-4993.pdf,e40f15343f472f08a6cb296d7c7bae02fdca90761ec5d19aaf768fe9b09d1e81
15471,2024-11-29,2024-12-13,000300,沪深300,OUT,300751,迈为股份,attachments/15471-4993.pdf,e40f15343f472f08a6cb296d7c7bae02fdca90761ec5d19aaf768fe9b09d1e81
15471,2024-11-29,2024-12-13,000300,沪深300,OUT,300919,中伟股份,attachments/15471-4993.pdf,e40f15343f472f08a6cb296d7c7bae02fdca90761ec5d19aaf768fe9b09d1e81
15471,2024-11-29,2024-12-13,000300,沪深300,OUT,300957,贝泰妮,attachments/15471-4993.pdf,e40f15343f472f08a6cb296d7c7bae02fdca90761ec5d19aaf768fe9b09d1e81
15471,2024-11-29,2024-12-13,000300,沪深300,OUT,600132,重庆啤酒,attachments/15471-4993.pdf,e40f15343f472f08a6cb296d7c7bae02fdca90761ec5d19aaf768fe9b09d1e81
15471,2024-11-29,2024-12-13,000300,沪深300,OUT,600732,爱旭股份,attachments/15471-4993.pdf,e40f15343f472f08a6cb296d7c7bae02fdca90761ec5d19aaf768fe9b09d1e81
15471,2024-11-29,2024-12-13,000300,沪深300,OUT,603899,晨光股份,attachments/15471-4993.pdf,e40f15343f472f08a6cb296d7c7bae02fdca90761ec5d19aaf768fe9b09d1e81
15471,2024-11-29,2024-12-13,000300,沪深300,OUT,688363,华熙生物,attachments/15471-4993.pdf,e40f15343f472f08a6cb296d7c7bae02fdca90761ec5d19aaf768fe9b09d1e81
15471,2024-11-29,2024-12-13,000852,中证1000,IN,000089,深圳机场,attachments/15471-4993.pdf,e40f15343f472f08a6cb296d7c7bae02fdca90761ec5d19aaf768fe9b09d1e81
15471,2024-11-29,2024-12-13,000852,中证1000,IN,000099,中信海直,attachments/15471-4993.pdf,e40f15343f472f08a6cb296d7c7bae02fdca90761ec5d19aaf768fe9b09d1e81
15471,2024-11-29,2024-12-13,000852,中证1000,IN,000156,华数传媒,attachments/15471-4993.pdf,e40f15343f472f08a6cb296d7c7bae02fdca90761ec5d19aaf768fe9b09d1e81
15471,2024-11-29,2024-12-13,000852,中证1000,IN,000620,新华联,attachments/15471-4993.pdf,e40f15343f472f08a6cb296d7c7bae02fdca90761ec5d19aaf768fe9b09d1e81
15471,2024-11-29,2024-12-13,000852,中证1000,IN,000680,山推股份,attachments/15471-4993.pdf,e40f15343f472f08a6cb296d7c7bae02fdca90761ec5d19aaf768fe9b09d1e81
15471,2024-11-29,2024-12-13,000852,中证1000,IN,000899,赣能股份,attachments/15471-4993.pdf,e40f15343f472f08a6cb296d7c7bae02fdca90761ec5d19aaf768fe9b09d1e81
15471,2024-11-29,2024-12-13,000852,中证1000,IN,000930,中粮科技,attachments/15471-4993.pdf,e40f15343f472f08a6cb296d7c7bae02fdca90761ec5d19aaf768fe9b09d1e81
15471,2024-11-29,2024-12-13,000852,中证1000,IN,001389,广合科技,attachments/15471-4993.pdf,e40f15343f472f08a6cb296d7c7bae02fdca90761ec5d19aaf768fe9b09d1e81
15471,2024-11-29,2024-12-13,000852,中证1000,IN,002326,永太科技,attachments/15471-4993.pdf,e40f15343f472f08a6cb296d7c7bae02fdca90761ec5d19aaf768fe9b09d1e81
15471,2024-11-29,2024-12-13,000852,中证1000,IN,002327,富安娜,attachments/15471-4993.pdf,e40f15343f472f08a6cb296d7c7bae02fdca90761ec5d19aaf768fe9b09d1e81
15471,2024-11-29,2024-12-13,000852,中证1000,IN,002399,海普瑞,attachments/15471-4993.pdf,e40f15343f472f08a6cb296d7c7bae02fdca90761ec5d19aaf768fe9b09d1e81
15471,2024-11-29,2024-12-13,000852,中证1000,IN,002497,雅化集团,attachments/15471-4993.pdf,e40f15343f472f08a6cb296d7c7bae02fdca90761ec5d19aaf768fe9b09d1e81
15471,2024-11-29,2024-12-13,000852,中证1000,IN,002506,协鑫集成,attachments/15471-4993.pdf,e40f15343f472f08a6cb296d7c7bae02fdca90761ec5d19aaf768fe9b09d1e81
15471,2024-11-29,2024-12-13,000852,中证1000,IN,002518,科士达,attachments/15471-4993.pdf,e40f15343f472f08a6cb296d7c7bae02fdca90761ec5d19aaf768fe9b09d1e81
15471,2024-11-29,2024-12-13,000852,中证1000,IN,002588,史丹利,attachments/15471-4993.pdf,e40f15343f472f08a6cb296d7c7bae02fdca90761ec5d19aaf768fe9b09d1e81
15471,2024-11-29,2024-12-13,000852,中证1000,IN,002654,万润科技,attachments/15471-4993.pdf,e40f15343f472f08a6cb296d7c7bae02fdca90761ec5d19aaf768fe9b09d1e81
15471,2024-11-29,2024-12-13,000852,中证1000,IN,002668,TCL 智家,attachments/15471-4993.pdf,e40f15343f472f08a6cb296d7c7bae02fdca90761ec5d19aaf768fe9b09d1e81
15471,2024-11-29,2024-12-13,000852,中证1000,IN,002716,湖南白银,attachments/15471-4993.pdf,e40f15343f472f08a6cb296d7c7bae02fdca90761ec5d19aaf768fe9b09d1e81
15471,2024-11-29,2024-12-13,000852,中证1000,IN,002755,奥赛康,attachments/15471-4993.pdf,e40f15343f472f08a6cb296d7c7bae02fdca90761ec5d19aaf768fe9b09d1e81
15471,2024-11-29,2024-12-13,000852,中证1000,IN,002833,弘亚数控,attachments/15471-4993.pdf,e40f15343f472f08a6cb296d7c7bae02fdca90761ec5d19aaf768fe9b09d1e81
15471,2024-11-29,2024-12-13,000852,中证1000,IN,002936,郑州银行,attachments/15471-4993.pdf,e40f15343f472f08a6cb296d7c7bae02fdca90761ec5d19aaf768fe9b09d1e81
15471,2024-11-29,2024-12-13,000852,中证1000,IN,300088,长信科技,attachments/15471-4993.pdf,e40f15343f472f08a6cb296d7c7bae02fdca90761ec5d19aaf768fe9b09d1e81
15471,2024-11-29,2024-12-13,000852,中证1000,IN,300181,佐力药业,attachments/15471-4993.pdf,e40f15343f472f08a6cb296d7c7bae02fdca90761ec5d19aaf768fe9b09d1e81
15471,2024-11-29,2024-12-13,000852,中证1000,IN,300253,卫宁健康,attachments/15471-4993.pdf,e40f15343f472f08a6cb296d7c7bae02fdca90761ec5d19aaf768fe9b09d1e81
15471,2024-11-29,2024-12-13,000852,中证1000,IN,300296,利亚德,attachments/15471-4993.pdf,e40f15343f472f08a6cb296d7c7bae02fdca90761ec5d19aaf768fe9b09d1e81
15471,2024-11-29,2024-12-13,000852,中证1000,IN,300357,我武生物,attachments/15471-4993.pdf,e40f15343f472f08a6cb296d7c7bae02fdca90761ec5d19aaf768fe9b09d1e81
15471,2024-11-29,2024-12-13,000852,中证1000,IN,300438,鹏辉能源,attachments/15471-4993.pdf,e40f15343f472f08a6cb296d7c7bae02fdca90761ec5d19aaf768fe9b09d1e81
15471,2024-11-29,2024-12-13,000852,中证1000,IN,300492,华图山鼎,attachments/15471-4993.pdf,e40f15343f472f08a6cb296d7c7bae02fdca90761ec5d19aaf768fe9b09d1e81
15471,2024-11-29,2024-12-13,000852,中证1000,IN,300568,星源材质,attachments/15471-4993.pdf,e40f15343f472f08a6cb296d7c7bae02fdca90761ec5d19aaf768fe9b09d1e81
15471,2024-11-29,2024-12-13,000852,中证1000,IN,300580,贝斯特,attachments/15471-4993.pdf,e40f15343f472f08a6cb296d7c7bae02fdca90761ec5d19aaf768fe9b09d1e81
15471,2024-11-29,2024-12-13,000852,中证1000,IN,300641,正丹股份,attachments/15471-4993.pdf,e40f15343f472f08a6cb296d7c7bae02fdca90761ec5d19aaf768fe9b09d1e81
15471,2024-11-29,2024-12-13,000852,中证1000,IN,300657,弘信电子,attachments/15471-4993.pdf,e40f15343f472f08a6cb296d7c7bae02fdca90761ec5d19aaf768fe9b09d1e81
15471,2024-11-29,2024-12-13,000852,中证1000,IN,300682,朗新集团,attachments/15471-4993.pdf,e40f15343f472f08a6cb296d7c7bae02fdca90761ec5d19aaf768fe9b09d1e81
15471,2024-11-29,2024-12-13,000852,中证1000,IN,300776,帝尔激光,attachments/15471-4993.pdf,e40f15343f472f08a6cb296d7c7bae02fdca90761ec5d19aaf768fe9b09d1e81
15471,2024-11-29,2024-12-13,000852,中证1000,IN,300779,惠城环保,attachments/15471-4993.pdf,e40f15343f472f08a6cb296d7c7bae02fdca90761ec5d19aaf768fe9b09d1e81
15471,2024-11-29,2024-12-13,000852,中证1000,IN,300861,美畅股份,attachments/15471-4993.pdf,e40f15343f472f08a6cb296d7c7bae02fdca90761ec5d19aaf768fe9b09d1e81
15471,2024-11-29,2024-12-13,000852,中证1000,IN,300913,兆龙互连,attachments/15471-4993.pdf,e40f15343f472f08a6cb296d7c7bae02fdca90761ec5d19aaf768fe9b09d1e81
15471,2024-11-29,2024-12-13,000852,中证1000,IN,300926,博俊科技,attachments/15471-4993.pdf,e40f15343f472f08a6cb296d7c7bae02fdca90761ec5d19aaf768fe9b09d1e81
15471,2024-11-29,2024-12-13,000852,中证1000,IN,301029,怡合达,attachments/15471-4993.pdf,e40f15343f472f08a6cb296d7c7bae02fdca90761ec5d19aaf768fe9b09d1e81
15471,2024-11-29,2024-12-13,000852,中证1000,IN,301297,富乐德,attachments/15471-4993.pdf,e40f15343f472f08a6cb296d7c7bae02fdca90761ec5d19aaf768fe9b09d1e81
15471,2024-11-29,2024-12-13,000852,中证1000,IN,301508,中机认检,attachments/15471-4993.pdf,e40f15343f472f08a6cb296d7c7bae02fdca90761ec5d19aaf768fe9b09d1e81
15471,2024-11-29,2024-12-13,000852,中证1000,IN,301536,星宸科技,attachments/15471-4993.pdf,e40f15343f472f08a6cb296d7c7bae02fdca90761ec5d19aaf768fe9b09d1e81
15471,2024-11-29,2024-12-13,000852,中证1000,IN,301565,中仑新材,attachments/15471-4993.pdf,e40f15343f472f08a6cb296d7c7bae02fdca90761ec5d19aaf768fe9b09d1e81
15471,2024-11-29,2024-12-13,000852,中证1000,IN,301589,诺瓦星云,attachments/15471-4993.pdf,e40f15343f472f08a6cb296d7c7bae02fdca90761ec5d19aaf768fe9b09d1e81
15471,2024-11-29,2024-12-13,000852,中证1000,IN,301606,绿联科技,attachments/15471-4993.pdf,e40f15343f472f08a6cb296d7c7bae02fdca90761ec5d19aaf768fe9b09d1e81
15471,2024-11-29,2024-12-13,000852,中证1000,IN,600020,中原高速,attachments/15471-4993.pdf,e40f15343f472f08a6cb296d7c7bae02fdca90761ec5d19aaf768fe9b09d1e81
15471,2024-11-29,2024-12-13,000852,中证1000,IN,600094,大名城,attachments/15471-4993.pdf,e40f15343f472f08a6cb296d7c7bae02fdca90761ec5d19aaf768fe9b09d1e81
15471,2024-11-29,2024-12-13,000852,中证1000,IN,600114,东睦股份,attachments/15471-4993.pdf,e40f15343f472f08a6cb296d7c7bae02fdca90761ec5d19aaf768fe9b09d1e81
15471,2024-11-29,2024-12-13,000852,中证1000,IN,600133,东湖高新,attachments/15471-4993.pdf,e40f15343f472f08a6cb296d7c7bae02fdca90761ec5d19aaf768fe9b09d1e81
15471,2024-11-29,2024-12-13,000852,中证1000,IN,600171,上海贝岭,attachments/15471-4993.pdf,e40f15343f472f08a6cb296d7c7bae02fdca90761ec5d19aaf768fe9b09d1e81
15471,2024-11-29,2024-12-13,000852,中证1000,IN,600186,莲花控股,attachments/15471-4993.pdf,e40f15343f472f08a6cb296d7c7bae02fdca90761ec5d19aaf768fe9b09d1e81
15471,2024-11-29,2024-12-13,000852,中证1000,IN,600315,上海家化,attachments/15471-4993.pdf,e40f15343f472f08a6cb296d7c7bae02fdca90761ec5d19aaf768fe9b09d1e81
15471,2024-11-29,2024-12-13,000852,中证1000,IN,600388,龙净环保,attachments/15471-4993.pdf,e40f15343f472f08a6cb296d7c7bae02fdca90761ec5d19aaf768fe9b09d1e81
15471,2024-11-29,2024-12-13,000852,中证1000,IN,600399,抚顺特钢,attachments/15471-4993.pdf,e40f15343f472f08a6cb296d7c7bae02fdca90761ec5d19aaf768fe9b09d1e81
15471,2024-11-29,2024-12-13,000852,中证1000,IN,600548,深高速,attachments/15471-4993.pdf,e40f15343f472f08a6cb296d7c7bae02fdca90761ec5d19aaf768fe9b09d1e81
15471,2024-11-29,2024-12-13,000852,中证1000,IN,600640,国脉文化,attachments/15471-4993.pdf,e40f15343f472f08a6cb296d7c7bae02fdca90761ec5d19aaf768fe9b09d1e81
15471,2024-11-29,2024-12-13,000852,中证1000,IN,600664,哈药股份,attachments/15471-4993.pdf,e40f15343f472f08a6cb296d7c7bae02fdca90761ec5d19aaf768fe9b09d1e81
15471,2024-11-29,2024-12-13,000852,中证1000,IN,600759,洲际油气,attachments/15471-4993.pdf,e40f15343f472f08a6cb296d7c7bae02fdca90761ec5d19aaf768fe9b09d1e81
15471,2024-11-29,2024-12-13,000852,中证1000,IN,600827,百联股份,attachments/15471-4993.pdf,e40f15343f472f08a6cb296d7c7bae02fdca90761ec5d19aaf768fe9b09d1e81
15471,2024-11-29,2024-12-13,000852,中证1000,IN,600866,星湖科技,attachments/15471-4993.pdf,e40f15343f472f08a6cb296d7c7bae02fdca90761ec5d19aaf768fe9b09d1e81
15471,2024-11-29,2024-12-13,000852,中证1000,IN,600894,广日股份,attachments/15471-4993.pdf,e40f15343f472f08a6cb296d7c7bae02fdca90761ec5d19aaf768fe9b09d1e81
15471,2024-11-29,2024-12-13,000852,中证1000,IN,600967,内蒙一机,attachments/15471-4993.pdf,e40f15343f472f08a6cb296d7c7bae02fdca90761ec5d19aaf768fe9b09d1e81
15471,2024-11-29,2024-12-13,000852,中证1000,IN,600987,航民股份,attachments/15471-4993.pdf,e40f15343f472f08a6cb296d7c7bae02fdca90761ec5d19aaf768fe9b09d1e81
15471,2024-11-29,2024-12-13,000852,中证1000,IN,601020,华钰矿业,attachments/15471-4993.pdf,e40f15343f472f08a6cb296d7c7bae02fdca90761ec5d19aaf768fe9b09d1e81
15471,2024-11-29,2024-12-13,000852,中证1000,IN,601500,通用股份,attachments/15471-4993.pdf,e40f15343f472f08a6cb296d7c7bae02fdca90761ec5d19aaf768fe9b09d1e81
15471,2024-11-29,2024-12-13,000852,中证1000,IN,601827,三峰环境,attachments/15471-4993.pdf,e40f15343f472f08a6cb296d7c7bae02fdca90761ec5d19aaf768fe9b09d1e81
15471,2024-11-29,2024-12-13,000852,中证1000,IN,601900,南方传媒,attachments/15471-4993.pdf,e40f15343f472f08a6cb296d7c7bae02fdca90761ec5d19aaf768fe9b09d1e81
15471,2024-11-29,2024-12-13,000852,中证1000,IN,603218,日月股份,attachments/15471-4993.pdf,e40f15343f472f08a6cb296d7c7bae02fdca90761ec5d19aaf768fe9b09d1e81
15471,2024-11-29,2024-12-13,000852,中证1000,IN,603219,富佳股份,attachments/15471-4993.pdf,e40f15343f472f08a6cb296d7c7bae02fdca90761ec5d19aaf768fe9b09d1e81
15471,2024-11-29,2024-12-13,000852,中证1000,IN,603305,旭升集团,attachments/15471-4993.pdf,e40f15343f472f08a6cb296d7c7bae02fdca90761ec5d19aaf768fe9b09d1e81
15471,2024-11-29,2024-12-13,000852,中证1000,IN,603317,天味食品,attachments/15471-4993.pdf,e40f15343f472f08a6cb296d7c7bae02fdca90761ec5d19aaf768fe9b09d1e81
15471,2024-11-29,2024-12-13,000852,中证1000,IN,603337,杰克股份,attachments/15471-4993.pdf,e40f15343f472f08a6cb296d7c7bae02fdca90761ec5d19aaf768fe9b09d1e81
15471,2024-11-29,2024-12-13,000852,中证1000,IN,603355,莱克电气,attachments/15471-4993.pdf,e40f15343f472f08a6cb296d7c7bae02fdca90761ec5d19aaf768fe9b09d1e81
15471,2024-11-29,2024-12-13,000852,中证1000,IN,603496,恒为科技,attachments/15471-4993.pdf,e40f15343f472f08a6cb296d7c7bae02fdca90761ec5d19aaf768fe9b09d1e81
15471,2024-11-29,2024-12-13,000852,中证1000,IN,603619,中曼石油,attachments/15471-4993.pdf,e40f15343f472f08a6cb296d7c7bae02fdca90761ec5d19aaf768fe9b09d1e81
15471,2024-11-29,2024-12-13,000852,中证1000,IN,603662,柯力传感,attachments/15471-4993.pdf,e40f15343f472f08a6cb296d7c7bae02fdca90761ec5d19aaf768fe9b09d1e81
15471,2024-11-29,2024-12-13,000852,中证1000,IN,605116,奥锐特,attachments/15471-4993.pdf,e40f15343f472f08a6cb296d7c7bae02fdca90761ec5d19aaf768fe9b09d1e81
15471,2024-11-29,2024-12-13,000852,中证1000,IN,605296,神农集团,attachments/15471-4993.pdf,e40f15343f472f08a6cb296d7c7bae02fdca90761ec5d19aaf768fe9b09d1e81
15471,2024-11-29,2024-12-13,000852,中证1000,IN,605368,蓝天燃气,attachments/15471-4993.pdf,e40f15343f472f08a6cb296d7c7bae02fdca90761ec5d19aaf768fe9b09d1e81
15471,2024-11-29,2024-12-13,000852,中证1000,IN,605577,龙版传媒,attachments/15471-4993.pdf,e40f15343f472f08a6cb296d7c7bae02fdca90761ec5d19aaf768fe9b09d1e81
15471,2024-11-29,2024-12-13,000852,中证1000,IN,688006,杭可科技,attachments/15471-4993.pdf,e40f15343f472f08a6cb296d7c7bae02fdca90761ec5d19aaf768fe9b09d1e81
15471,2024-11-29,2024-12-13,000852,中证1000,IN,688029,南微医学,attachments/15471-4993.pdf,e40f15343f472f08a6cb296d7c7bae02fdca90761ec5d19aaf768fe9b09d1e81
15471,2024-11-29,2024-12-13,000852,中证1000,IN,688063,派能科技,attachments/15471-4993.pdf,e40f15343f472f08a6cb296d7c7bae02fdca90761ec5d19aaf768fe9b09d1e81
15471,2024-11-29,2024-12-13,000852,中证1000,IN,688107,安路科技,attachments/15471-4993.pdf,e40f15343f472f08a6cb296d7c7bae02fdca90761ec5d19aaf768fe9b09d1e81
15471,2024-11-29,2024-12-13,000852,中证1000,IN,688150,莱特光电,attachments/15471-4993.pdf,e40f15343f472f08a6cb296d7c7bae02fdca90761ec5d19aaf768fe9b09d1e81
15471,2024-11-29,2024-12-13,000852,中证1000,IN,688200,华峰测控,attachments/15471-4993.pdf,e40f15343f472f08a6cb296d7c7bae02fdca90761ec5d19aaf768fe9b09d1e81
15471,2024-11-29,2024-12-13,000852,中证1000,IN,688347,华虹公司,attachments/15471-4993.pdf,e40f15343f472f08a6cb296d7c7bae02fdca90761ec5d19aaf768fe9b09d1e81
15471,2024-11-29,2024-12-13,000852,中证1000,IN,688348,昱能科技,attachments/15471-4993.pdf,e40f15343f472f08a6cb296d7c7bae02fdca90761ec5d19aaf768fe9b09d1e81
15471,2024-11-29,2024-12-13,000852,中证1000,IN,688443,智翔金泰,attachments/15471-4993.pdf,e40f15343f472f08a6cb296d7c7bae02fdca90761ec5d19aaf768fe9b09d1e81
15471,2024-11-29,2024-12-13,000852,中证1000,IN,688522,纳睿雷达,attachments/15471-4993.pdf,e40f15343f472f08a6cb296d7c7bae02fdca90761ec5d19aaf768fe9b09d1e81
15471,2024-11-29,2024-12-13,000852,中证1000,IN,688523,航天环宇,attachments/15471-4993.pdf,e40f15343f472f08a6cb296d7c7bae02fdca90761ec5d19aaf768fe9b09d1e81
15471,2024-11-29,2024-12-13,000852,中证1000,IN,688548,广钢气体,attachments/15471-4993.pdf,e40f15343f472f08a6cb296d7c7bae02fdca90761ec5d19aaf768fe9b09d1e81
15471,2024-11-29,2024-12-13,000852,中证1000,IN,688549,中巨芯,attachments/15471-4993.pdf,e40f15343f472f08a6cb296d7c7bae02fdca90761ec5d19aaf768fe9b09d1e81
15471,2024-11-29,2024-12-13,000852,中证1000,IN,688582,芯动联科,attachments/15471-4993.pdf,e40f15343f472f08a6cb296d7c7bae02fdca90761ec5d19aaf768fe9b09d1e81
15471,2024-11-29,2024-12-13,000852,中证1000,IN,688612,威迈斯,attachments/15471-4993.pdf,e40f15343f472f08a6cb296d7c7bae02fdca90761ec5d19aaf768fe9b09d1e81
15471,2024-11-29,2024-12-13,000852,中证1000,IN,688629,华丰科技,attachments/15471-4993.pdf,e40f15343f472f08a6cb296d7c7bae02fdca90761ec5d19aaf768fe9b09d1e81
15471,2024-11-29,2024-12-13,000852,中证1000,IN,688631,莱斯信息,attachments/15471-4993.pdf,e40f15343f472f08a6cb296d7c7bae02fdca90761ec5d19aaf768fe9b09d1e81
15471,2024-11-29,2024-12-13,000852,中证1000,IN,688702,盛科通信,attachments/15471-4993.pdf,e40f15343f472f08a6cb296d7c7bae02fdca90761ec5d19aaf768fe9b09d1e81
15471,2024-11-29,2024-12-13,000852,中证1000,IN,688766,普冉股份,attachments/15471-4993.pdf,e40f15343f472f08a6cb296d7c7bae02fdca90761ec5d19aaf768fe9b09d1e81
15471,2024-11-29,2024-12-13,000852,中证1000,IN,688779,五矿新能,attachments/15471-4993.pdf,e40f15343f472f08a6cb296d7c7bae02fdca90761ec5d19aaf768fe9b09d1e81
15471,2024-11-29,2024-12-13,000852,中证1000,OUT,000016,深康佳 A,attachments/15471-4993.pdf,e40f15343f472f08a6cb296d7c7bae02fdca90761ec5d19aaf768fe9b09d1e81
15471,2024-11-29,2024-12-13,000852,中证1000,OUT,000034,神州数码,attachments/15471-4993.pdf,e40f15343f472f08a6cb296d7c7bae02fdca90761ec5d19aaf768fe9b09d1e81
15471,2024-11-29,2024-12-13,000852,中证1000,OUT,000403,派林生物,attachments/15471-4993.pdf,e40f15343f472f08a6cb296d7c7bae02fdca90761ec5d19aaf768fe9b09d1e81
15471,2024-11-29,2024-12-13,000852,中证1000,OUT,000426,兴业银锡,attachments/15471-4993.pdf,e40f15343f472f08a6cb296d7c7bae02fdca90761ec5d19aaf768fe9b09d1e81
15471,2024-11-29,2024-12-13,000852,中证1000,OUT,001338,永顺泰,attachments/15471-4993.pdf,e40f15343f472f08a6cb296d7c7bae02fdca90761ec5d19aaf768fe9b09d1e81
15471,2024-11-29,2024-12-13,000852,中证1000,OUT,002085,万丰奥威,attachments/15471-4993.pdf,e40f15343f472f08a6cb296d7c7bae02fdca90761ec5d19aaf768fe9b09d1e81
15471,2024-11-29,2024-12-13,000852,中证1000,OUT,002135,东南网架,attachments/15471-4993.pdf,e40f15343f472f08a6cb296d7c7bae02fdca90761ec5d19aaf768fe9b09d1e81
15471,2024-11-29,2024-12-13,000852,中证1000,OUT,002250,联化科技,attachments/15471-4993.pdf,e40f15343f472f08a6cb296d7c7bae02fdca90761ec5d19aaf768fe9b09d1e81
15471,2024-11-29,2024-12-13,000852,中证1000,OUT,002283,天润工业,attachments/15471-4993.pdf,e40f15343f472f08a6cb296d7c7bae02fdca90761ec5d19aaf768fe9b09d1e81
15471,2024-11-29,2024-12-13,000852,中证1000,OUT,002287,奇正藏药,attachments/15471-4993.pdf,e40f15343f472f08a6cb296d7c7bae02fdca90761ec5d19aaf768fe9b09d1e81
15471,2024-11-29,2024-12-13,000852,中证1000,OUT,002318,久立特材,attachments/15471-4993.pdf,e40f15343f472f08a6cb296d7c7bae02fdca90761ec5d19aaf768fe9b09d1e81
15471,2024-11-29,2024-12-13,000852,中证1000,OUT,002453,华软科技,attachments/15471-4993.pdf,e40f15343f472f08a6cb296d7c7bae02fdca90761ec5d19aaf768fe9b09d1e81
15471,2024-11-29,2024-12-13,000852,中证1000,OUT,002467,二六三,attachments/15471-4993.pdf,e40f15343f472f08a6cb296d7c7bae02fdca90761ec5d19aaf768fe9b09d1e81
15471,2024-11-29,2024-12-13,000852,中证1000,OUT,002549,凯美特气,attachments/15471-4993.pdf,e40f15343f472f08a6cb296d7c7bae02fdca90761ec5d19aaf768fe9b09d1e81
15471,2024-11-29,2024-12-13,000852,中证1000,OUT,002646,天佑德酒,attachments/15471-4993.pdf,e40f15343f472f08a6cb296d7c7bae02fdca90761ec5d19aaf768fe9b09d1e81
15471,2024-11-29,2024-12-13,000852,中证1000,OUT,002746,仙坛股份,attachments/15471-4993.pdf,e40f15343f472f08a6cb296d7c7bae02fdca90761ec5d19aaf768fe9b09d1e81
15471,2024-11-29,2024-12-13,000852,中证1000,OUT,002782,可立克,attachments/15471-4993.pdf,e40f15343f472f08a6cb296d7c7bae02fdca90761ec5d19aaf768fe9b09d1e81
15471,2024-11-29,2024-12-13,000852,中证1000,OUT,002961,瑞达期货,attachments/15471-4993.pdf,e40f15343f472f08a6cb296d7c7bae02fdca90761ec5d19aaf768fe9b09d1e81
15471,2024-11-29,2024-12-13,000852,中证1000,OUT,300065,海兰信,attachments/15471-4993.pdf,e40f15343f472f08a6cb296d7c7bae02fdca90761ec5d19aaf768fe9b09d1e81
15471,2024-11-29,2024-12-13,000852,中证1000,OUT,300140,节能环境,attachments/15471-4993.pdf,e40f15343f472f08a6cb296d7c7bae02fdca90761ec5d19aaf768fe9b09d1e81
15471,2024-11-29,2024-12-13,000852,中证1000,OUT,300143,盈康生命,attachments/15471-4993.pdf,e40f15343f472f08a6cb296d7c7bae02fdca90761ec5d19aaf768fe9b09d1e81
15471,2024-11-29,2024-12-13,000852,中证1000,OUT,300203,聚光科技,attachments/15471-4993.pdf,e40f15343f472f08a6cb296d7c7bae02fdca90761ec5d19aaf768fe9b09d1e81
15471,2024-11-29,2024-12-13,000852,中证1000,OUT,300206,理邦仪器,attachments/15471-4993.pdf,e40f15343f472f08a6cb296d7c7bae02fdca90761ec5d19aaf768fe9b09d1e81
15471,2024-11-29,2024-12-13,000852,中证1000,OUT,300233,金城医药,attachments/15471-4993.pdf,e40f15343f472f08a6cb296d7c7bae02fdca90761ec5d19aaf768fe9b09d1e81
15471,2024-11-29,2024-12-13,000852,中证1000,OUT,300263,隆华科技,attachments/15471-4993.pdf,e40f15343f472f08a6cb296d7c7bae02fdca90761ec5d19aaf768fe9b09d1e81
15471,2024-11-29,2024-12-13,000852,中证1000,OUT,300267,尔康制药,attachments/15471-4993.pdf,e40f15343f472f08a6cb296d7c7bae02fdca90761ec5d19aaf768fe9b09d1e81
15471,2024-11-29,2024-12-13,000852,中证1000,OUT,300332,天壕能源,attachments/15471-4993.pdf,e40f15343f472f08a6cb296d7c7bae02fdca90761ec5d19aaf768fe9b09d1e81
15471,2024-11-29,2024-12-13,000852,中证1000,OUT,300339,润和软件,attachments/15471-4993.pdf,e40f15343f472f08a6cb296d7c7bae02fdca90761ec5d19aaf768fe9b09d1e81
15471,2024-11-29,2024-12-13,000852,中证1000,OUT,300343,联创股份,attachments/15471-4993.pdf,e40f15343f472f08a6cb296d7c7bae02fdca90761ec5d19aaf768fe9b09d1e81
15471,2024-11-29,2024-12-13,000852,中证1000,OUT,300358,楚天科技,attachments/15471-4993.pdf,e40f15343f472f08a6cb296d7c7bae02fdca90761ec5d19aaf768fe9b09d1e81
15471,2024-11-29,2024-12-13,000852,中证1000,OUT,300369,绿盟科技,attachments/15471-4993.pdf,e40f15343f472f08a6cb296d7c7bae02fdca90761ec5d19aaf768fe9b09d1e81
15471,2024-11-29,2024-12-13,000852,中证1000,OUT,300382,斯莱克,attachments/15471-4993.pdf,e40f15343f472f08a6cb296d7c7bae02fdca90761ec5d19aaf768fe9b09d1e81
15471,2024-11-29,2024-12-13,000852,中证1000,OUT,300476,胜宏科技,attachments/15471-4993.pdf,e40f15343f472f08a6cb296d7c7bae02fdca90761ec5d19aaf768fe9b09d1e81
15471,2024-11-29,2024-12-13,000852,中证1000,OUT,300573,兴齐眼药,attachments/15471-4993.pdf,e40f15343f472f08a6cb296d7c7bae02fdca90761ec5d19aaf768fe9b09d1e81
15471,2024-11-29,2024-12-13,000852,中证1000,OUT,300587,天铁股份,attachments/15471-4993.pdf,e40f15343f472f08a6cb296d7c7bae02fdca90761ec5d19aaf768fe9b09d1e81
15471,2024-11-29,2024-12-13,000852,中证1000,OUT,300671,富满微,attachments/15471-4993.pdf,e40f15343f472f08a6cb296d7c7bae02fdca90761ec5d19aaf768fe9b09d1e81
15471,2024-11-29,2024-12-13,000852,中证1000,OUT,300860,锋尚文化,attachments/15471-4993.pdf,e40f15343f472f08a6cb296d7c7bae02fdca90761ec5d19aaf768fe9b09d1e81
15471,2024-11-29,2024-12-13,000852,中证1000,OUT,300887,谱尼测试,attachments/15471-4993.pdf,e40f15343f472f08a6cb296d7c7bae02fdca90761ec5d19aaf768fe9b09d1e81
15471,2024-11-29,2024-12-13,000852,中证1000,OUT,300953,震裕科技,attachments/15471-4993.pdf,e40f15343f472f08a6cb296d7c7bae02fdca90761ec5d19aaf768fe9b09d1e81
15471,2024-11-29,2024-12-13,000852,中证1000,OUT,301080,百普赛斯,attachments/15471-4993.pdf,e40f15343f472f08a6cb296d7c7bae02fdca90761ec5d19aaf768fe9b09d1e81
15471,2024-11-29,2024-12-13,000852,中证1000,OUT,301089,拓新药业,attachments/15471-4993.pdf,e40f15343f472f08a6cb296d7c7bae02fdca90761ec5d19aaf768fe9b09d1e81
15471,2024-11-29,2024-12-13,000852,中证1000,OUT,301301,川宁生物,attachments/15471-4993.pdf,e40f15343f472f08a6cb296d7c7bae02fdca90761ec5d19aaf768fe9b09d1e81
15471,2024-11-29,2024-12-13,000852,中证1000,OUT,301308,江波龙,attachments/15471-4993.pdf,e40f15343f472f08a6cb296d7c7bae02fdca90761ec5d19aaf768fe9b09d1e81
15471,2024-11-29,2024-12-13,000852,中证1000,OUT,301498,乖宝宠物,attachments/15471-4993.pdf,e40f15343f472f08a6cb296d7c7bae02fdca90761ec5d19aaf768fe9b09d1e81
15471,2024-11-29,2024-12-13,000852,中证1000,OUT,600007,中国国贸,attachments/15471-4993.pdf,e40f15343f472f08a6cb296d7c7bae02fdca90761ec5d19aaf768fe9b09d1e81
15471,2024-11-29,2024-12-13,000852,中证1000,OUT,600225,*ST 卓朗,attachments/15471-4993.pdf,e40f15343f472f08a6cb296d7c7bae02fdca90761ec5d19aaf768fe9b09d1e81
15471,2024-11-29,2024-12-13,000852,中证1000,OUT,600295,鄂尔多斯,attachments/15471-4993.pdf,e40f15343f472f08a6cb296d7c7bae02fdca90761ec5d19aaf768fe9b09d1e81
15471,2024-11-29,2024-12-13,000852,中证1000,OUT,600312,平高电气,attachments/15471-4993.pdf,e40f15343f472f08a6cb296d7c7bae02fdca90761ec5d19aaf768fe9b09d1e81
15471,2024-11-29,2024-12-13,000852,中证1000,OUT,600340,华夏幸福,attachments/15471-4993.pdf,e40f15343f472f08a6cb296d7c7bae02fdca90761ec5d19aaf768fe9b09d1e81
15471,2024-11-29,2024-12-13,000852,中证1000,OUT,600391,航发科技,attachments/15471-4993.pdf,e40f15343f472f08a6cb296d7c7bae02fdca90761ec5d19aaf768fe9b09d1e81
15471,2024-11-29,2024-12-13,000852,中证1000,OUT,600400,红豆股份,attachments/15471-4993.pdf,e40f15343f472f08a6cb296d7c7bae02fdca90761ec5d19aaf768fe9b09d1e81
15471,2024-11-29,2024-12-13,000852,中证1000,OUT,600491,龙元建设,attachments/15471-4993.pdf,e40f15343f472f08a6cb296d7c7bae02fdca90761ec5d19aaf768fe9b09d1e81
15471,2024-11-29,2024-12-13,000852,中证1000,OUT,600496,精工钢构,attachments/15471-4993.pdf,e40f15343f472f08a6cb296d7c7bae02fdca90761ec5d19aaf768fe9b09d1e81
15471,2024-11-29,2024-12-13,000852,中证1000,OUT,600610,中毅达,attachments/15471-4993.pdf,e40f15343f472f08a6cb296d7c7bae02fdca90761ec5d19aaf768fe9b09d1e81
15471,2024-11-29,2024-12-13,000852,中证1000,OUT,600685,中船防务,attachments/15471-4993.pdf,e40f15343f472f08a6cb296d7c7bae02fdca90761ec5d19aaf768fe9b09d1e81
15471,2024-11-29,2024-12-13,000852,中证1000,OUT,600688,上海石化,attachments/15471-4993.pdf,e40f15343f472f08a6cb296d7c7bae02fdca90761ec5d19aaf768fe9b09d1e81
15471,2024-11-29,2024-12-13,000852,中证1000,OUT,600691,阳煤化工,attachments/15471-4993.pdf,e40f15343f472f08a6cb296d7c7bae02fdca90761ec5d19aaf768fe9b09d1e81
15471,2024-11-29,2024-12-13,000852,中证1000,OUT,600720,中交设计,attachments/15471-4993.pdf,e40f15343f472f08a6cb296d7c7bae02fdca90761ec5d19aaf768fe9b09d1e81
15471,2024-11-29,2024-12-13,000852,中证1000,OUT,600797,浙大网新,attachments/15471-4993.pdf,e40f15343f472f08a6cb296d7c7bae02fdca90761ec5d19aaf768fe9b09d1e81
15471,2024-11-29,2024-12-13,000852,中证1000,OUT,600811,东方集团,attachments/15471-4993.pdf,e40f15343f472f08a6cb296d7c7bae02fdca90761ec5d19aaf768fe9b09d1e81
15471,2024-11-29,2024-12-13,000852,中证1000,OUT,601001,晋控煤业,attachments/15471-4993.pdf,e40f15343f472f08a6cb296d7c7bae02fdca90761ec5d19aaf768fe9b09d1e81
15471,2024-11-29,2024-12-13,000852,中证1000,OUT,601011,宝泰隆,attachments/15471-4993.pdf,e40f15343f472f08a6cb296d7c7bae02fdca90761ec5d19aaf768fe9b09d1e81
15471,2024-11-29,2024-12-13,000852,中证1000,OUT,601099,太平洋,attachments/15471-4993.pdf,e40f15343f472f08a6cb296d7c7bae02fdca90761ec5d19aaf768fe9b09d1e81
15471,2024-11-29,2024-12-13,000852,中证1000,OUT,601918,新集能源,attachments/15471-4993.pdf,e40f15343f472f08a6cb296d7c7bae02fdca90761ec5d19aaf768fe9b09d1e81
15471,2024-11-29,2024-12-13,000852,中证1000,OUT,603071,物产环能,attachments/15471-4993.pdf,e40f15343f472f08a6cb296d7c7bae02fdca90761ec5d19aaf768fe9b09d1e81
15471,2024-11-29,2024-12-13,000852,中证1000,OUT,603098,森特股份,attachments/15471-4993.pdf,e40f15343f472f08a6cb296d7c7bae02fdca90761ec5d19aaf768fe9b09d1e81
15471,2024-11-29,2024-12-13,000852,中证1000,OUT,603105,芯能科技,attachments/15471-4993.pdf,e40f15343f472f08a6cb296d7c7bae02fdca90761ec5d19aaf768fe9b09d1e81
15471,2024-11-29,2024-12-13,000852,中证1000,OUT,603113,金能科技,attachments/15471-4993.pdf,e40f15343f472f08a6cb296d7c7bae02fdca90761ec5d19aaf768fe9b09d1e81
15471,2024-11-29,2024-12-13,000852,中证1000,OUT,603129,春风动力,attachments/15471-4993.pdf,e40f15343f472f08a6cb296d7c7bae02fdca90761ec5d19aaf768fe9b09d1e81
15471,2024-11-29,2024-12-13,000852,中证1000,OUT,603170,宝立食品,attachments/15471-4993.pdf,e40f15343f472f08a6cb296d7c7bae02fdca90761ec5d19aaf768fe9b09d1e81
15471,2024-11-29,2024-12-13,000852,中证1000,OUT,603187,海容冷链,attachments/15471-4993.pdf,e40f15343f472f08a6cb296d7c7bae02fdca90761ec5d19aaf768fe9b09d1e81
15471,2024-11-29,2024-12-13,000852,中证1000,OUT,603212,赛伍技术,attachments/15471-4993.pdf,e40f15343f472f08a6cb296d7c7bae02fdca90761ec5d19aaf768fe9b09d1e81
15471,2024-11-29,2024-12-13,000852,中证1000,OUT,603556,海兴电力,attachments/15471-4993.pdf,e40f15343f472f08a6cb296d7c7bae02fdca90761ec5d19aaf768fe9b09d1e81
15471,2024-11-29,2024-12-13,000852,中证1000,OUT,603595,东尼电子,attachments/15471-4993.pdf,e40f15343f472f08a6cb296d7c7bae02fdca90761ec5d19aaf768fe9b09d1e81
15471,2024-11-29,2024-12-13,000852,中证1000,OUT,603666,亿嘉和,attachments/15471-4993.pdf,e40f15343f472f08a6cb296d7c7bae02fdca90761ec5d19aaf768fe9b09d1e81
15471,2024-11-29,2024-12-13,000852,中证1000,OUT,603718,海利生物,attachments/15471-4993.pdf,e40f15343f472f08a6cb296d7c7bae02fdca90761ec5d19aaf768fe9b09d1e81
15471,2024-11-29,2024-12-13,000852,中证1000,OUT,603896,寿仙谷,attachments/15471-4993.pdf,e40f15343f472f08a6cb296d7c7bae02fdca90761ec5d19aaf768fe9b09d1e81
15471,2024-11-29,2024-12-13,000852,中证1000,OUT,603906,龙蟠科技,attachments/15471-4993.pdf,e40f15343f472f08a6cb296d7c7bae02fdca90761ec5d19aaf768fe9b09d1e81
15471,2024-11-29,2024-12-13,000852,中证1000,OUT,603936,博敏电子,attachments/15471-4993.pdf,e40f15343f472f08a6cb296d7c7bae02fdca90761ec5d19aaf768fe9b09d1e81
15471,2024-11-29,2024-12-13,000852,中证1000,OUT,603938,三孚股份,attachments/15471-4993.pdf,e40f15343f472f08a6cb296d7c7bae02fdca90761ec5d19aaf768fe9b09d1e81
15471,2024-11-29,2024-12-13,000852,中证1000,OUT,688023,安恒信息,attachments/15471-4993.pdf,e40f15343f472f08a6cb296d7c7bae02fdca90761ec5d19aaf768fe9b09d1e81
15471,2024-11-29,2024-12-13,000852,中证1000,OUT,688031,星环科技,attachments/15471-4993.pdf,e40f15343f472f08a6cb296d7c7bae02fdca90761ec5d19aaf768fe9b09d1e81
15471,2024-11-29,2024-12-13,000852,中证1000,OUT,688033,天宜上佳,attachments/15471-4993.pdf,e40f15343f472f08a6cb296d7c7bae02fdca90761ec5d19aaf768fe9b09d1e81
15471,2024-11-29,2024-12-13,000852,中证1000,OUT,688046,药康生物,attachments/15471-4993.pdf,e40f15343f472f08a6cb296d7c7bae02fdca90761ec5d19aaf768fe9b09d1e81
15471,2024-11-29,2024-12-13,000852,中证1000,OUT,688152,麒麟信安,attachments/15471-4993.pdf,e40f15343f472f08a6cb296d7c7bae02fdca90761ec5d19aaf768fe9b09d1e81
15471,2024-11-29,2024-12-13,000852,中证1000,OUT,688158,优刻得,attachments/15471-4993.pdf,e40f15343f472f08a6cb296d7c7bae02fdca90761ec5d19aaf768fe9b09d1e81
15471,2024-11-29,2024-12-13,000852,中证1000,OUT,688161,威高骨科,attachments/15471-4993.pdf,e40f15343f472f08a6cb296d7c7bae02fdca90761ec5d19aaf768fe9b09d1e81
15471,2024-11-29,2024-12-13,000852,中证1000,OUT,688173,希荻微,attachments/15471-4993.pdf,e40f15343f472f08a6cb296d7c7bae02fdca90761ec5d19aaf768fe9b09d1e81
15471,2024-11-29,2024-12-13,000852,中证1000,OUT,688202,美迪西,attachments/15471-4993.pdf,e40f15343f472f08a6cb296d7c7bae02fdca90761ec5d19aaf768fe9b09d1e81
15471,2024-11-29,2024-12-13,000852,中证1000,OUT,688239,航宇科技,attachments/15471-4993.pdf,e40f15343f472f08a6cb296d7c7bae02fdca90761ec5d19aaf768fe9b09d1e81
15471,2024-11-29,2024-12-13,000852,中证1000,OUT,688278,特宝生物,attachments/15471-4993.pdf,e40f15343f472f08a6cb296d7c7bae02fdca90761ec5d19aaf768fe9b09d1e81
15471,2024-11-29,2024-12-13,000852,中证1000,OUT,688339,亿华通,attachments/15471-4993.pdf,e40f15343f472f08a6cb296d7c7bae02fdca90761ec5d19aaf768fe9b09d1e81
15471,2024-11-29,2024-12-13,000852,中证1000,OUT,688368,晶丰明源,attachments/15471-4993.pdf,e40f15343f472f08a6cb296d7c7bae02fdca90761ec5d19aaf768fe9b09d1e81
15471,2024-11-29,2024-12-13,000852,中证1000,OUT,688381,帝奥微,attachments/15471-4993.pdf,e40f15343f472f08a6cb296d7c7bae02fdca90761ec5d19aaf768fe9b09d1e81
15471,2024-11-29,2024-12-13,000852,中证1000,OUT,688508,芯朋微,attachments/15471-4993.pdf,e40f15343f472f08a6cb296d7c7bae02fdca90761ec5d19aaf768fe9b09d1e81
15471,2024-11-29,2024-12-13,000852,中证1000,OUT,688518,联赢激光,attachments/15471-4993.pdf,e40f15343f472f08a6cb296d7c7bae02fdca90761ec5d19aaf768fe9b09d1e81
15471,2024-11-29,2024-12-13,000852,中证1000,OUT,688578,艾力斯,attachments/15471-4993.pdf,e40f15343f472f08a6cb296d7c7bae02fdca90761ec5d19aaf768fe9b09d1e81
15471,2024-11-29,2024-12-13,000852,中证1000,OUT,688680,海优新材,attachments/15471-4993.pdf,e40f15343f472f08a6cb296d7c7bae02fdca90761ec5d19aaf768fe9b09d1e81
15471,2024-11-29,2024-12-13,000852,中证1000,OUT,688711,宏微科技,attachments/15471-4993.pdf,e40f15343f472f08a6cb296d7c7bae02fdca90761ec5d19aaf768fe9b09d1e81
15471,2024-11-29,2024-12-13,000852,中证1000,OUT,688800,瑞可达,attachments/15471-4993.pdf,e40f15343f472f08a6cb296d7c7bae02fdca90761ec5d19aaf768fe9b09d1e81
15471,2024-11-29,2024-12-13,000905,中证500,IN,000034,神州数码,attachments/15471-4993.pdf,e40f15343f472f08a6cb296d7c7bae02fdca90761ec5d19aaf768fe9b09d1e81
15471,2024-11-29,2024-12-13,000905,中证500,IN,000403,派林生物,attachments/15471-4993.pdf,e40f15343f472f08a6cb296d7c7bae02fdca90761ec5d19aaf768fe9b09d1e81
15471,2024-11-29,2024-12-13,000905,中证500,IN,000426,兴业银锡,attachments/15471-4993.pdf,e40f15343f472f08a6cb296d7c7bae02fdca90761ec5d19aaf768fe9b09d1e81
15471,2024-11-29,2024-12-13,000905,中证500,IN,000733,振华科技,attachments/15471-4993.pdf,e40f15343f472f08a6cb296d7c7bae02fdca90761ec5d19aaf768fe9b09d1e81
15471,2024-11-29,2024-12-13,000905,中证500,IN,002085,万丰奥威,attachments/15471-4993.pdf,e40f15343f472f08a6cb296d7c7bae02fdca90761ec5d19aaf768fe9b09d1e81
15471,2024-11-29,2024-12-13,000905,中证500,IN,002318,久立特材,attachments/15471-4993.pdf,e40f15343f472f08a6cb296d7c7bae02fdca90761ec5d19aaf768fe9b09d1e81
15471,2024-11-29,2024-12-13,000905,中证500,IN,002410,广联达,attachments/15471-4993.pdf,e40f15343f472f08a6cb296d7c7bae02fdca90761ec5d19aaf768fe9b09d1e81
15471,2024-11-29,2024-12-13,000905,中证500,IN,002603,以岭药业,attachments/15471-4993.pdf,e40f15343f472f08a6cb296d7c7bae02fdca90761ec5d19aaf768fe9b09d1e81
15471,2024-11-29,2024-12-13,000905,中证500,IN,002821,凯莱英,attachments/15471-4993.pdf,e40f15343f472f08a6cb296d7c7bae02fdca90761ec5d19aaf768fe9b09d1e81
15471,2024-11-29,2024-12-13,000905,中证500,IN,002841,视源股份,attachments/15471-4993.pdf,e40f15343f472f08a6cb296d7c7bae02fdca90761ec5d19aaf768fe9b09d1e81
15471,2024-11-29,2024-12-13,000905,中证500,IN,300140,节能环境,attachments/15471-4993.pdf,e40f15343f472f08a6cb296d7c7bae02fdca90761ec5d19aaf768fe9b09d1e81
15471,2024-11-29,2024-12-13,000905,中证500,IN,300142,沃森生物,attachments/15471-4993.pdf,e40f15343f472f08a6cb296d7c7bae02fdca90761ec5d19aaf768fe9b09d1e81
15471,2024-11-29,2024-12-13,000905,中证500,IN,300223,北京君正,attachments/15471-4993.pdf,e40f15343f472f08a6cb296d7c7bae02fdca90761ec5d19aaf768fe9b09d1e81
15471,2024-11-29,2024-12-13,000905,中证500,IN,300339,润和软件,attachments/15471-4993.pdf,e40f15343f472f08a6cb296d7c7bae02fdca90761ec5d19aaf768fe9b09d1e81
15471,2024-11-29,2024-12-13,000905,中证500,IN,300476,胜宏科技,attachments/15471-4993.pdf,e40f15343f472f08a6cb296d7c7bae02fdca90761ec5d19aaf768fe9b09d1e81
15471,2024-11-29,2024-12-13,000905,中证500,IN,300496,中科创达,attachments/15471-4993.pdf,e40f15343f472f08a6cb296d7c7bae02fdca90761ec5d19aaf768fe9b09d1e81
15471,2024-11-29,2024-12-13,000905,中证500,IN,300573,兴齐眼药,attachments/15471-4993.pdf,e40f15343f472f08a6cb296d7c7bae02fdca90761ec5d19aaf768fe9b09d1e81
15471,2024-11-29,2024-12-13,000905,中证500,IN,300751,迈为股份,attachments/15471-4993.pdf,e40f15343f472f08a6cb296d7c7bae02fdca90761ec5d19aaf768fe9b09d1e81
15471,2024-11-29,2024-12-13,000905,中证500,IN,300919,中伟股份,attachments/15471-4993.pdf,e40f15343f472f08a6cb296d7c7bae02fdca90761ec5d19aaf768fe9b09d1e81
15471,2024-11-29,2024-12-13,000905,中证500,IN,300957,贝泰妮,attachments/15471-4993.pdf,e40f15343f472f08a6cb296d7c7bae02fdca90761ec5d19aaf768fe9b09d1e81
15471,2024-11-29,2024-12-13,000905,中证500,IN,301301,川宁生物,attachments/15471-4993.pdf,e40f15343f472f08a6cb296d7c7bae02fdca90761ec5d19aaf768fe9b09d1e81
15471,2024-11-29,2024-12-13,000905,中证500,IN,301308,江波龙,attachments/15471-4993.pdf,e40f15343f472f08a6cb296d7c7bae02fdca90761ec5d19aaf768fe9b09d1e81
15471,2024-11-29,2024-12-13,000905,中证500,IN,301498,乖宝宠物,attachments/15471-4993.pdf,e40f15343f472f08a6cb296d7c7bae02fdca90761ec5d19aaf768fe9b09d1e81
15471,2024-11-29,2024-12-13,000905,中证500,IN,600007,中国国贸,attachments/15471-4993.pdf,e40f15343f472f08a6cb296d7c7bae02fdca90761ec5d19aaf768fe9b09d1e81
15471,2024-11-29,2024-12-13,000905,中证500,IN,600132,重庆啤酒,attachments/15471-4993.pdf,e40f15343f472f08a6cb296d7c7bae02fdca90761ec5d19aaf768fe9b09d1e81
15471,2024-11-29,2024-12-13,000905,中证500,IN,600295,鄂尔多斯,attachments/15471-4993.pdf,e40f15343f472f08a6cb296d7c7bae02fdca90761ec5d19aaf768fe9b09d1e81
15471,2024-11-29,2024-12-13,000905,中证500,IN,600312,平高电气,attachments/15471-4993.pdf,e40f15343f472f08a6cb296d7c7bae02fdca90761ec5d19aaf768fe9b09d1e81
15471,2024-11-29,2024-12-13,000905,中证500,IN,600487,亨通光电,attachments/15471-4993.pdf,e40f15343f472f08a6cb296d7c7bae02fdca90761ec5d19aaf768fe9b09d1e81
15471,2024-11-29,2024-12-13,000905,中证500,IN,600606,绿地控股,attachments/15471-4993.pdf,e40f15343f472f08a6cb296d7c7bae02fdca90761ec5d19aaf768fe9b09d1e81
15471,2024-11-29,2024-12-13,000905,中证500,IN,600685,中船防务,attachments/15471-4993.pdf,e40f15343f472f08a6cb296d7c7bae02fdca90761ec5d19aaf768fe9b09d1e81
15471,2024-11-29,2024-12-13,000905,中证500,IN,600688,上海石化,attachments/15471-4993.pdf,e40f15343f472f08a6cb296d7c7bae02fdca90761ec5d19aaf768fe9b09d1e81
15471,2024-11-29,2024-12-13,000905,中证500,IN,600720,中交设计,attachments/15471-4993.pdf,e40f15343f472f08a6cb296d7c7bae02fdca90761ec5d19aaf768fe9b09d1e81
15471,2024-11-29,2024-12-13,000905,中证500,IN,601001,晋控煤业,attachments/15471-4993.pdf,e40f15343f472f08a6cb296d7c7bae02fdca90761ec5d19aaf768fe9b09d1e81
15471,2024-11-29,2024-12-13,000905,中证500,IN,601061,中信金属,attachments/15471-4993.pdf,e40f15343f472f08a6cb296d7c7bae02fdca90761ec5d19aaf768fe9b09d1e81
15471,2024-11-29,2024-12-13,000905,中证500,IN,601099,太平洋,attachments/15471-4993.pdf,e40f15343f472f08a6cb296d7c7bae02fdca90761ec5d19aaf768fe9b09d1e81
15471,2024-11-29,2024-12-13,000905,中证500,IN,601918,新集能源,attachments/15471-4993.pdf,e40f15343f472f08a6cb296d7c7bae02fdca90761ec5d19aaf768fe9b09d1e81
15471,2024-11-29,2024-12-13,000905,中证500,IN,603129,春风动力,attachments/15471-4993.pdf,e40f15343f472f08a6cb296d7c7bae02fdca90761ec5d19aaf768fe9b09d1e81
15471,2024-11-29,2024-12-13,000905,中证500,IN,603341,龙旗科技,attachments/15471-4993.pdf,e40f15343f472f08a6cb296d7c7bae02fdca90761ec5d19aaf768fe9b09d1e81
15471,2024-11-29,2024-12-13,000905,中证500,IN,603556,海兴电力,attachments/15471-4993.pdf,e40f15343f472f08a6cb296d7c7bae02fdca90761ec5d19aaf768fe9b09d1e81
15471,2024-11-29,2024-12-13,000905,中证500,IN,603605,珀莱雅,attachments/15471-4993.pdf,e40f15343f472f08a6cb296d7c7bae02fdca90761ec5d19aaf768fe9b09d1e81
15471,2024-11-29,2024-12-13,000905,中证500,IN,603899,晨光股份,attachments/15471-4993.pdf,e40f15343f472f08a6cb296d7c7bae02fdca90761ec5d19aaf768fe9b09d1e81
15471,2024-11-29,2024-12-13,000905,中证500,IN,688047,龙芯中科,attachments/15471-4993.pdf,e40f15343f472f08a6cb296d7c7bae02fdca90761ec5d19aaf768fe9b09d1e81
15471,2024-11-29,2024-12-13,000905,中证500,IN,688072,拓荆科技,attachments/15471-4993.pdf,e40f15343f472f08a6cb296d7c7bae02fdca90761ec5d19aaf768fe9b09d1e81
15471,2024-11-29,2024-12-13,000905,中证500,IN,688249,晶合集成,attachments/15471-4993.pdf,e40f15343f472f08a6cb296d7c7bae02fdca90761ec5d19aaf768fe9b09d1e81
15471,2024-11-29,2024-12-13,000905,中证500,IN,688278,特宝生物,attachments/15471-4993.pdf,e40f15343f472f08a6cb296d7c7bae02fdca90761ec5d19aaf768fe9b09d1e81
15471,2024-11-29,2024-12-13,000905,中证500,IN,688361,中科飞测,attachments/15471-4993.pdf,e40f15343f472f08a6cb296d7c7bae02fdca90761ec5d19aaf768fe9b09d1e81
15471,2024-11-29,2024-12-13,000905,中证500,IN,688363,华熙生物,attachments/15471-4993.pdf,e40f15343f472f08a6cb296d7c7bae02fdca90761ec5d19aaf768fe9b09d1e81
15471,2024-11-29,2024-12-13,000905,中证500,IN,688469,芯联集成,attachments/15471-4993.pdf,e40f15343f472f08a6cb296d7c7bae02fdca90761ec5d19aaf768fe9b09d1e81
15471,2024-11-29,2024-12-13,000905,中证500,IN,688563,航材股份,attachments/15471-4993.pdf,e40f15343f472f08a6cb296d7c7bae02fdca90761ec5d19aaf768fe9b09d1e81
15471,2024-11-29,2024-12-13,000905,中证500,IN,688578,艾力斯,attachments/15471-4993.pdf,e40f15343f472f08a6cb296d7c7bae02fdca90761ec5d19aaf768fe9b09d1e81
15471,2024-11-29,2024-12-13,000905,中证500,OUT,000031,大悦城,attachments/15471-4993.pdf,e40f15343f472f08a6cb296d7c7bae02fdca90761ec5d19aaf768fe9b09d1e81
15471,2024-11-29,2024-12-13,000905,中证500,OUT,000156,华数传媒,attachments/15471-4993.pdf,e40f15343f472f08a6cb296d7c7bae02fdca90761ec5d19aaf768fe9b09d1e81
15471,2024-11-29,2024-12-13,000905,中证500,OUT,000630,铜陵有色,attachments/15471-4993.pdf,e40f15343f472f08a6cb296d7c7bae02fdca90761ec5d19aaf768fe9b09d1e81
15471,2024-11-29,2024-12-13,000905,中证500,OUT,000933,神火股份,attachments/15471-4993.pdf,e40f15343f472f08a6cb296d7c7bae02fdca90761ec5d19aaf768fe9b09d1e81
15471,2024-11-29,2024-12-13,000905,中证500,OUT,001872,招商港口,attachments/15471-4993.pdf,e40f15343f472f08a6cb296d7c7bae02fdca90761ec5d19aaf768fe9b09d1e81
15471,2024-11-29,2024-12-13,000905,中证500,OUT,002028,思源电气,attachments/15471-4993.pdf,e40f15343f472f08a6cb296d7c7bae02fdca90761ec5d19aaf768fe9b09d1e81
15471,2024-11-29,2024-12-13,000905,中证500,OUT,002497,雅化集团,attachments/15471-4993.pdf,e40f15343f472f08a6cb296d7c7bae02fdca90761ec5d19aaf768fe9b09d1e81
15471,2024-11-29,2024-12-13,000905,中证500,OUT,002506,协鑫集成,attachments/15471-4993.pdf,e40f15343f472f08a6cb296d7c7bae02fdca90761ec5d19aaf768fe9b09d1e81
15471,2024-11-29,2024-12-13,000905,中证500,OUT,002518,科士达,attachments/15471-4993.pdf,e40f15343f472f08a6cb296d7c7bae02fdca90761ec5d19aaf768fe9b09d1e81
15471,2024-11-29,2024-12-13,000905,中证500,OUT,002791,坚朗五金,attachments/15471-4993.pdf,e40f15343f472f08a6cb296d7c7bae02fdca90761ec5d19aaf768fe9b09d1e81
15471,2024-11-29,2024-12-13,000905,中证500,OUT,002865,钧达股份,attachments/15471-4993.pdf,e40f15343f472f08a6cb296d7c7bae02fdca90761ec5d19aaf768fe9b09d1e81
15471,2024-11-29,2024-12-13,000905,中证500,OUT,002936,郑州银行,attachments/15471-4993.pdf,e40f15343f472f08a6cb296d7c7bae02fdca90761ec5d19aaf768fe9b09d1e81
15471,2024-11-29,2024-12-13,000905,中证500,OUT,300088,长信科技,attachments/15471-4993.pdf,e40f15343f472f08a6cb296d7c7bae02fdca90761ec5d19aaf768fe9b09d1e81
15471,2024-11-29,2024-12-13,000905,中证500,OUT,300253,卫宁健康,attachments/15471-4993.pdf,e40f15343f472f08a6cb296d7c7bae02fdca90761ec5d19aaf768fe9b09d1e81
15471,2024-11-29,2024-12-13,000905,中证500,OUT,300296,利亚德,attachments/15471-4993.pdf,e40f15343f472f08a6cb296d7c7bae02fdca90761ec5d19aaf768fe9b09d1e81
15471,2024-11-29,2024-12-13,000905,中证500,OUT,300357,我武生物,attachments/15471-4993.pdf,e40f15343f472f08a6cb296d7c7bae02fdca90761ec5d19aaf768fe9b09d1e81
15471,2024-11-29,2024-12-13,000905,中证500,OUT,300394,天孚通信,attachments/15471-4993.pdf,e40f15343f472f08a6cb296d7c7bae02fdca90761ec5d19aaf768fe9b09d1e81
15471,2024-11-29,2024-12-13,000905,中证500,OUT,300438,鹏辉能源,attachments/15471-4993.pdf,e40f15343f472f08a6cb296d7c7bae02fdca90761ec5d19aaf768fe9b09d1e81
15471,2024-11-29,2024-12-13,000905,中证500,OUT,300502,新易盛,attachments/15471-4993.pdf,e40f15343f472f08a6cb296d7c7bae02fdca90761ec5d19aaf768fe9b09d1e81
15471,2024-11-29,2024-12-13,000905,中证500,OUT,300568,星源材质,attachments/15471-4993.pdf,e40f15343f472f08a6cb296d7c7bae02fdca90761ec5d19aaf768fe9b09d1e81
15471,2024-11-29,2024-12-13,000905,中证500,OUT,300682,朗新集团,attachments/15471-4993.pdf,e40f15343f472f08a6cb296d7c7bae02fdca90761ec5d19aaf768fe9b09d1e81
15471,2024-11-29,2024-12-13,000905,中证500,OUT,300776,帝尔激光,attachments/15471-4993.pdf,e40f15343f472f08a6cb296d7c7bae02fdca90761ec5d19aaf768fe9b09d1e81
15471,2024-11-29,2024-12-13,000905,中证500,OUT,300861,美畅股份,attachments/15471-4993.pdf,e40f15343f472f08a6cb296d7c7bae02fdca90761ec5d19aaf768fe9b09d1e81
15471,2024-11-29,2024-12-13,000905,中证500,OUT,301029,怡合达,attachments/15471-4993.pdf,e40f15343f472f08a6cb296d7c7bae02fdca90761ec5d19aaf768fe9b09d1e81
15471,2024-11-29,2024-12-13,000905,中证500,OUT,600022,山东钢铁,attachments/15471-4993.pdf,e40f15343f472f08a6cb296d7c7bae02fdca90761ec5d19aaf768fe9b09d1e81
15471,2024-11-29,2024-12-13,000905,中证500,OUT,600066,宇通客车,attachments/15471-4993.pdf,e40f15343f472f08a6cb296d7c7bae02fdca90761ec5d19aaf768fe9b09d1e81
15471,2024-11-29,2024-12-13,000905,中证500,OUT,600315,上海家化,attachments/15471-4993.pdf,e40f15343f472f08a6cb296d7c7bae02fdca90761ec5d19aaf768fe9b09d1e81
15471,2024-11-29,2024-12-13,000905,中证500,OUT,600377,宁沪高速,attachments/15471-4993.pdf,e40f15343f472f08a6cb296d7c7bae02fdca90761ec5d19aaf768fe9b09d1e81
15471,2024-11-29,2024-12-13,000905,中证500,OUT,600399,抚顺特钢,attachments/15471-4993.pdf,e40f15343f472f08a6cb296d7c7bae02fdca90761ec5d19aaf768fe9b09d1e81
15471,2024-11-29,2024-12-13,000905,中证500,OUT,600481,双良节能,attachments/15471-4993.pdf,e40f15343f472f08a6cb296d7c7bae02fdca90761ec5d19aaf768fe9b09d1e81
15471,2024-11-29,2024-12-13,000905,中证500,OUT,600827,百联股份,attachments/15471-4993.pdf,e40f15343f472f08a6cb296d7c7bae02fdca90761ec5d19aaf768fe9b09d1e81
15471,2024-11-29,2024-12-13,000905,中证500,OUT,600967,内蒙一机,attachments/15471-4993.pdf,e40f15343f472f08a6cb296d7c7bae02fdca90761ec5d19aaf768fe9b09d1e81
15471,2024-11-29,2024-12-13,000905,中证500,OUT,600985,淮北矿业,attachments/15471-4993.pdf,e40f15343f472f08a6cb296d7c7bae02fdca90761ec5d19aaf768fe9b09d1e81
15471,2024-11-29,2024-12-13,000905,中证500,OUT,601058,赛轮轮胎,attachments/15471-4993.pdf,e40f15343f472f08a6cb296d7c7bae02fdca90761ec5d19aaf768fe9b09d1e81
15471,2024-11-29,2024-12-13,000905,中证500,OUT,601077,渝农商行,attachments/15471-4993.pdf,e40f15343f472f08a6cb296d7c7bae02fdca90761ec5d19aaf768fe9b09d1e81
15471,2024-11-29,2024-12-13,000905,中证500,OUT,601298,青岛港,attachments/15471-4993.pdf,e40f15343f472f08a6cb296d7c7bae02fdca90761ec5d19aaf768fe9b09d1e81
15471,2024-11-29,2024-12-13,000905,中证500,OUT,601828,美凯龙,attachments/15471-4993.pdf,e40f15343f472f08a6cb296d7c7bae02fdca90761ec5d19aaf768fe9b09d1e81
15471,2024-11-29,2024-12-13,000905,中证500,OUT,603127,昭衍新药,attachments/15471-4993.pdf,e40f15343f472f08a6cb296d7c7bae02fdca90761ec5d19aaf768fe9b09d1e81
15471,2024-11-29,2024-12-13,000905,中证500,OUT,603218,日月股份,attachments/15471-4993.pdf,e40f15343f472f08a6cb296d7c7bae02fdca90761ec5d19aaf768fe9b09d1e81
15471,2024-11-29,2024-12-13,000905,中证500,OUT,603305,旭升集团,attachments/15471-4993.pdf,e40f15343f472f08a6cb296d7c7bae02fdca90761ec5d19aaf768fe9b09d1e81
15471,2024-11-29,2024-12-13,000905,中证500,OUT,603317,天味食品,attachments/15471-4993.pdf,e40f15343f472f08a6cb296d7c7bae02fdca90761ec5d19aaf768fe9b09d1e81
15471,2024-11-29,2024-12-13,000905,中证500,OUT,603517,绝味食品,attachments/15471-4993.pdf,e40f15343f472f08a6cb296d7c7bae02fdca90761ec5d19aaf768fe9b09d1e81
15471,2024-11-29,2024-12-13,000905,中证500,OUT,688006,杭可科技,attachments/15471-4993.pdf,e40f15343f472f08a6cb296d7c7bae02fdca90761ec5d19aaf768fe9b09d1e81
15471,2024-11-29,2024-12-13,000905,中证500,OUT,688029,南微医学,attachments/15471-4993.pdf,e40f15343f472f08a6cb296d7c7bae02fdca90761ec5d19aaf768fe9b09d1e81
15471,2024-11-29,2024-12-13,000905,中证500,OUT,688063,派能科技,attachments/15471-4993.pdf,e40f15343f472f08a6cb296d7c7bae02fdca90761ec5d19aaf768fe9b09d1e81
15471,2024-11-29,2024-12-13,000905,中证500,OUT,688107,安路科技,attachments/15471-4993.pdf,e40f15343f472f08a6cb296d7c7bae02fdca90761ec5d19aaf768fe9b09d1e81
15471,2024-11-29,2024-12-13,000905,中证500,OUT,688169,石头科技,attachments/15471-4993.pdf,e40f15343f472f08a6cb296d7c7bae02fdca90761ec5d19aaf768fe9b09d1e81
15471,2024-11-29,2024-12-13,000905,中证500,OUT,688200,华峰测控,attachments/15471-4993.pdf,e40f15343f472f08a6cb296d7c7bae02fdca90761ec5d19aaf768fe9b09d1e81
15471,2024-11-29,2024-12-13,000905,中证500,OUT,688348,昱能科技,attachments/15471-4993.pdf,e40f15343f472f08a6cb296d7c7bae02fdca90761ec5d19aaf768fe9b09d1e81
15471,2024-11-29,2024-12-13,000905,中证500,OUT,688779,五矿新能,attachments/15471-4993.pdf,e40f15343f472f08a6cb296d7c7bae02fdca90761ec5d19aaf768fe9b09d1e81
