funding_time_utc,funding_time_ms,funding_rate,funding_time_type,mark_price,interest_rate,next_funding_time_ms
2026-06-22T16:00:00.001Z,1782144000001,-0.00040333,,1058.37024868,,
2026-06-23T00:00:00.001Z,1782172800001,0.0,,1060.0,,
2026-06-23T08:00:00.002Z,1782201600002,-0.00919166,,810.34,,
2026-06-23T16:00:00.001Z,1782230400001,0.00375622,,758.29252597,,
2026-06-24T00:00:00.001Z,1782259200001,0.00804598,,734.80050493,,
2026-06-24T08:00:00.001Z,1782288000001,0.00202183,,756.88633715,,
2026-06-24T16:00:00.001Z,1782316800001,0.0,,737.37,,
2026-06-25T00:00:00.002Z,1782345600002,0.0,,907.31080218,,
2026-06-25T08:00:00.001Z,1782374400001,0.0,,863.58581739,,
2026-06-25T16:00:00.001Z,1782403200001,0.00013714,,810.53920786,,
2026-06-26T00:00:00.001Z,1782432000001,0.0,,816.68924296,,
2026-06-26T08:00:00.002Z,1782460800002,0.00017076,,749.30445941,,
2026-06-26T16:00:00.001Z,1782489600001,-3.405e-05,,769.9175543,,
2026-06-27T00:00:00.001Z,1782518400001,0.0,,735.04,,
2026-06-27T08:00:00.001Z,1782547200001,5.719e-05,,746.90567625,,
2026-06-27T16:00:00.001Z,1782576000001,0.0,,749.48658693,,
2026-06-28T00:00:00.002Z,1782604800002,-0.00058029,,738.63885694,,
2026-06-28T08:00:00.002Z,1782633600002,0.00016184,,744.94367696,,
2026-06-28T16:00:00.001Z,1782662400001,0.001441,,766.71322471,,
2026-06-29T00:00:00.001Z,1782691200001,0.00024885,,766.37732887,,
2026-06-29T08:00:00.001Z,1782720000001,0.00040185,,735.91020685,,
2026-06-29T16:00:00.001Z,1782748800001,9.307e-05,,691.24,,
2026-06-30T00:00:00.000Z,1782777600000,0.00076722,,738.17,,
2026-06-30T08:00:00.000Z,1782806400000,-0.00243301,,734.52034014,,
2026-06-30T16:00:00.001Z,1782835200001,0.0,,767.0971367,,
2026-07-01T00:00:00.000Z,1782864000000,-0.0002158,,772.8,,
2026-07-01T08:00:00.001Z,1782892800001,0.00020616,,684.88988049,,
2026-07-01T16:00:00.001Z,1782921600001,0.00040991,,628.61907251,,
2026-07-02T00:00:00.000Z,1782950400000,0.0,,591.53438405,,
2026-07-02T08:00:00.001Z,1782979200001,0.00023088,,552.43,,
2026-07-02T16:00:00.001Z,1783008000001,0.0,,547.8818605,,
2026-07-03T00:00:00.001Z,1783036800001,0.001144,,542.84,,
2026-07-03T08:00:00.001Z,1783065600001,0.00339514,,577.70010417,,
2026-07-03T16:00:00.001Z,1783094400001,0.00051538,,602.49,,
2026-07-04T00:00:00.001Z,1783123200001,6.519e-05,,612.63,,
2026-07-04T08:00:00.001Z,1783152000001,0.0,,613.31446478,,
2026-07-04T16:00:00.001Z,1783180800001,0.0,,618.42401634,,
2026-07-05T00:00:00.002Z,1783209600002,0.0,,617.86,,
2026-07-05T08:00:00.001Z,1783238400001,0.00038904,,624.27,,
2026-07-05T16:00:00.001Z,1783267200001,0.00189915,,622.69427563,,
2026-07-06T00:00:00.001Z,1783296000001,0.00575183,,624.34,,
2026-07-06T08:00:00.001Z,1783324800001,-0.00045797,,632.97462632,,
2026-07-06T16:00:00.001Z,1783353600001,0.0,,639.7,,
2026-07-07T00:00:00.001Z,1783382400001,0.00085778,,597.19,,
2026-07-07T08:00:00.001Z,1783411200001,0.00027599,,556.9924659,,
2026-07-07T16:00:00.001Z,1783440000001,0.0008634,,529.92632536,,
2026-07-08T00:00:00.002Z,1783468800002,0.0,,520.09,,
2026-07-08T08:00:00.001Z,1783497600001,0.00041366,,496.68,,
2026-07-08T16:00:00.001Z,1783526400001,0.00018633,,491.22,,
2026-07-09T00:00:00.001Z,1783555200001,0.0,,557.92421606,,
2026-07-09T08:00:00.001Z,1783584000001,0.00059583,,512.08369718,,
2026-07-09T16:00:00.001Z,1783612800001,0.00020361,,563.42290261,,
2026-07-10T00:00:00.001Z,1783641600001,0.0,,575.89181174,,
2026-07-10T08:00:00.001Z,1783670400001,-8.825e-05,,544.31541667,,
2026-07-10T16:00:00.001Z,1783699200001,0.00015367,,553.45,,
2026-07-11T00:00:00.001Z,1783728000001,0.0,,552.98408403,,
2026-07-11T08:00:00.001Z,1783756800001,0.0,,548.07,,
2026-07-11T16:00:00.001Z,1783785600001,0.0,,548.93,,
2026-07-12T00:00:00.001Z,1783814400001,-0.00041064,,542.74166118,,
2026-07-12T08:00:00.001Z,1783843200001,0.0,,547.06,,
2026-07-12T16:00:00.001Z,1783872000001,-7.25e-06,,545.49411058,,
2026-07-13T00:00:00.001Z,1783900800001,-0.00105203,,537.62217214,,
2026-07-13T08:00:00.001Z,1783929600001,-0.00269217,,422.13,,
2026-07-13T16:00:00.001Z,1783958400001,0.00049961,,433.6,,
2026-07-14T00:00:00.002Z,1783987200002,0.0008151,,411.71527434,,
2026-07-14T08:00:00.001Z,1784016000001,0.00292772,,420.55776523,,
2026-07-14T16:00:00.001Z,1784044800001,0.0005958,,468.75,,
2026-07-15T00:00:00.001Z,1784073600001,0.00086319,,497.53954065,,
2026-07-15T16:00:00.001Z,1784131200001,0.0003457,,20.98,,
2026-07-16T00:00:00.001Z,1784160000001,0.0,,21.36,,
2026-07-16T08:00:00.002Z,1784188800002,0.00049808,,20.39013424,,
2026-07-16T16:00:00.001Z,1784217600001,4.167e-05,,19.71,,
2026-07-17T00:00:00.001Z,1784246400001,0.00037603,,18.27383086,,
2026-07-17T08:00:00.001Z,1784275200001,0.00043958,,16.51803355,,
2026-07-17T16:00:00.001Z,1784304000001,0.0,,19.93403366,,
2026-07-18T00:00:00.001Z,1784332800001,-0.00023035,,17.89,,
2026-07-18T08:00:00.001Z,1784361600001,0.0,,18.57172675,,
2026-07-18T16:00:00.001Z,1784390400001,-0.00030955,,18.2,,
2026-07-19T00:00:00.001Z,1784419200001,7.446e-05,,18.15428177,,
2026-07-19T08:00:00.001Z,1784448000001,0.00023636,,18.57,,
2026-07-19T16:00:00.001Z,1784476800001,-0.00060636,,18.45,,
2026-07-20T00:00:00.002Z,1784505600002,0.00126519,,18.67796561,,
2026-07-20T08:00:00.001Z,1784534400001,0.0,,18.2,,
2026-07-20T16:00:00.001Z,1784563200001,0.0,,19.3017531,,
2026-07-21T00:00:00.001Z,1784592000001,0.0,,18.41335617,,
2026-07-21T08:00:00.001Z,1784620800001,0.0,,20.28246877,,
2026-07-21T16:00:00.000Z,1784649600000,0.0,,21.43,,
2026-07-22T00:00:00.000Z,1784678400000,0.0,,22.44298575,,
2026-07-22T08:00:00.001Z,1784707200001,0.0,,20.00681812,,
2026-07-22T16:00:00.000Z,1784736000000,0.0,,21.3,,
2026-07-23T00:00:00.000Z,1784764800000,0.00020948,,21.61799081,,
2026-07-23T08:00:00.001Z,1784793600001,-0.0001496,,22.66178072,,
2026-07-23T16:00:00.001Z,1784822400001,0.0,,21.38,,
2026-07-24T00:00:00.000Z,1784851200000,-0.00022551,,21.67,,
2026-07-24T08:00:00.000Z,1784880000000,0.0,,20.21770527,,
2026-07-24T16:00:00.000Z,1784908800000,0.0,,19.53109802,,
2026-07-25T00:00:00.001Z,1784937600001,-0.00022982,,17.7176145,,
2026-07-25T08:00:00.000Z,1784966400000,0.0,,18.42473643,,
2026-07-25T16:00:00.000Z,1784995200000,0.0,,18.47,,
2026-07-26T00:00:00.001Z,1785024000001,0.0,,18.76396327,,
2026-07-26T08:00:00.001Z,1785052800001,0.00030226,,19.2076905,,
2026-07-26T16:00:00.001Z,1785081600001,8e-07,,19.35,,
2026-07-27T00:00:00.001Z,1785110400001,0.00278086,,20.13626264,,
2026-07-27T08:00:00.001Z,1785139200001,-8.359e-05,,19.52,,
2026-07-27T16:00:00.000Z,1785168000000,0.0,,16.41964765,,
2026-07-28T00:00:00.000Z,1785196800000,-0.00018459,,16.7,,
2026-07-28T08:00:00.000Z,1785225600000,0.00028271,,14.34289094,,
2026-07-28T16:00:00.000Z,1785254400000,0.0,,15.17498366,,
2026-07-29T00:00:00.001Z,1785283200001,0.00060305,,15.13,,
2026-07-29T08:00:00.001Z,1785312000001,-0.00186795,,12.72818642,,
2026-07-29T16:00:00.001Z,1785340800001,0.00074488,,12.42,,
2026-07-30T00:00:00.000Z,1785369600000,0.00098724,,12.33310758,,
2026-07-30T08:00:00.001Z,1785398400001,0.00131753,,11.65,,
2026-07-30T16:00:00.000Z,1785427200000,0.00015157,,15.53461057,,
2026-07-31T00:00:00.000Z,1785456000000,0.0,,16.9,,
2026-07-31T08:00:00.001Z,1785484800001,-0.00445879,,17.94673587,,
2026-07-31T16:00:00.001Z,1785513600001,0.0,,15.45,,
2026-08-01T00:00:00.001Z,1785542400001,0.00070998,,15.02,,
2026-08-01T08:00:00.002Z,1785571200002,-0.00100041,,14.79314486,,
2026-08-01T16:00:00.002Z,1785600000002,0.00017165,,15.03505081,,
2026-08-02T00:00:00.002Z,1785628800002,0.00012937,,15.03785901,,
2026-08-02T08:00:00.002Z,1785657600002,0.00142642,,15.87828577,,
2026-08-02T16:00:00.001Z,1785686400001,-0.00053327,,15.61518633,,
2026-08-03T00:00:00.001Z,1785715200001,0.00095646,,16.33,,
2026-08-03T08:00:00.002Z,1785744000002,-0.00034022,,16.07,,
2026-08-03T16:00:00.001Z,1785772800001,0.0,,14.89513076,,
2026-08-04T00:00:00.001Z,1785801600001,0.0,,16.79397948,,
2026-08-04T08:00:00.001Z,1785830400001,0.0,,16.85266366,,
2026-08-04T16:00:00.001Z,1785859200001,-0.00024324,,18.68262067,,
2026-08-05T00:00:00.001Z,1785888000001,-1.78e-05,,18.77300613,,
2026-08-05T08:00:00.001Z,1785916800001,0.0,,18.55563698,,
2026-08-05T16:00:00.001Z,1785945600001,-4.295e-05,,18.43445189,,
2026-08-06T00:00:00.001Z,1785974400001,-0.0004183,,17.92,,
2026-08-06T08:00:00.002Z,1786003200002,0.00032426,,16.53,,
2026-08-06T16:00:00.001Z,1786032000001,0.0,,17.17587107,,
2026-08-07T00:00:00.001Z,1786060800001,0.0,,17.14,,
2026-08-07T08:00:00.002Z,1786089600002,0.0,,17.02478904,,
2026-08-07T16:00:00.002Z,1786118400002,0.0,,16.88,,
2026-08-08T00:00:00.001Z,1786147200001,-1.964e-05,,17.24988445,,
2026-08-08T08:00:00.001Z,1786176000001,-0.00029177,,17.00499441,,
2026-08-08T16:00:00.001Z,1786204800001,0.00056384,,17.31,,
2026-08-09T00:00:00.001Z,1786233600001,0.0,,17.4,,
2026-08-09T08:00:00.001Z,1786262400001,0.0,,17.31,,
2026-08-09T16:00:00.001Z,1786291200001,3.8e-05,,17.43,,
2026-08-10T00:00:00.002Z,1786320000002,-8.994e-05,,17.46520324,,
2026-08-10T08:00:00.001Z,1786348800001,0.00026437,,16.98,,
2026-08-10T16:00:00.002Z,1786377600002,8.117e-05,,16.75100381,,
2026-08-11T00:00:00.001Z,1786406400001,0.00043074,,16.47519057,,
2026-08-11T08:00:00.001Z,1786435200001,6.975e-05,,16.94,,
2026-08-11T16:00:00.001Z,1786464000001,0.0,,17.58,,
2026-08-12T00:00:00.001Z,1786492800001,0.0,,17.84083809,,
2026-08-12T08:00:00.002Z,1786521600002,-0.0002975,,18.79368469,,
2026-08-12T16:00:00.002Z,1786550400002,-0.00027741,,19.94,,
2026-08-13T00:00:00.001Z,1786579200001,0.0,,20.54,,
2026-08-13T08:00:00.002Z,1786608000002,0.0,,19.94576629,,
2026-08-13T16:00:00.001Z,1786636800001,0.0,,21.31183853,,
2026-08-14T00:00:00.001Z,1786665600001,-1.829e-05,,21.95806635,,
2026-08-14T08:00:00.001Z,1786694400001,-0.00083426,,21.75800696,,
2026-08-14T16:00:00.002Z,1786723200002,-0.00039844,,21.46,,
2026-08-15T00:00:00.001Z,1786752000001,-0.00023423,,21.74,,
2026-08-15T08:00:00.001Z,1786780800001,0.0,,21.62,,
2026-08-15T16:00:00.002Z,1786809600002,0.0,,21.73157821,,
2026-08-16T00:00:00.002Z,1786838400002,0.0,,21.8050637,,
2026-08-16T08:00:00.002Z,1786867200002,0.00051836,,22.26,,
2026-08-16T16:00:00.001Z,1786896000001,-4e-05,,22.01505264,,
2026-08-17T00:00:00.001Z,1786924800001,-0.00013187,,21.85484132,,
2026-08-17T08:00:00.001Z,1786953600001,0.0,,23.26993403,,
2026-08-17T16:00:00.001Z,1786982400001,-0.00020136,,24.8,,
2026-08-18T00:00:00.002Z,1787011200002,0.0,,23.5562307,,
2026-08-18T08:00:00.001Z,1787040000001,0.00036883,,20.73,,
2026-08-18T16:00:00.001Z,1787068800001,4.38e-06,,18.44333081,,
2026-08-19T00:00:00.001Z,1787097600001,0.00011994,,17.69781504,,
2026-08-19T08:00:00.001Z,1787126400001,0.0,,19.86034026,,
2026-08-19T16:00:00.001Z,1787155200001,0.0,,19.11853235,,
2026-08-20T00:00:00.001Z,1787184000001,0.00023039,,19.71,,
2026-08-20T08:00:00.002Z,1787212800002,0.0,,20.71029171,,
2026-08-20T16:00:00.001Z,1787241600001,0.0,,20.1,,
2026-08-21T00:00:00.002Z,1787270400002,-2.558e-05,,20.01623612,,
2026-08-21T08:00:00.001Z,1787299200001,0.0,,21.57429429,,
2026-08-21T16:00:00.002Z,1787328000002,0.0,,20.8499538,,
2026-08-22T00:00:00.001Z,1787356800001,0.0,,20.40446923,,
2026-08-22T08:00:00.002Z,1787385600002,0.0,,20.44527258,,
2026-08-22T16:00:00.002Z,1787414400002,-0.00022085,,20.06489206,,
2026-08-23T00:00:00.002Z,1787443200002,0.0,,20.08535661,,
2026-08-23T08:00:00.001Z,1787472000001,0.0,,20.42511264,,
2026-08-23T16:00:00.001Z,1787500800001,0.00090219,,20.8,,
2026-08-24T00:00:00.002Z,1787529600002,0.0003387,,21.1,,
2026-08-24T08:00:00.001Z,1787558400001,0.0,,19.81,,
